07c7
07cf
07d0
07cd
07c5
07d0
07d4
07d3
07c6
07d3
07cc
07c9
07c9
07d0
07d0
07d9
07d2
07cd
07d1
07c7
07cd
07d0
07d0
07c6
07c8
07ce
07df
07d0
07d7
07c8
07cc
07ce
07d1
07cd
07c6
07ce
07d8
07c9
07cd
07d2
07d5
07cd
07d1
07d0
07d3
07cf
07cc
07d5
07cd
07d5
07d1
07d0
07c6
07ce
07db
07ce
07cc
07d9
07d2
07d0
07d3
07cb
07d0
07d6
07c2
07cb
07cd
07d3
07d0
07d0
07df
07cf
07d1
07d2
07cc
07cb
07cb
07d8
07cb
07cc
07d3
07ca
07ce
07d1
07cb
07d9
07c9
07c3
07cb
07bf
07e1
07d0
07d3
07ce
07d2
07d7
07d0
07cc
07c0
07ce
07ca
07c9
07cf
07ca
07ca
07ce
07d7
07cf
07c9
07cb
07d3
07d9
07cb
07cf
07da
07cf
07db
07cd
07d0
07d4
07ca
07c8
07ce
07ca
07c6
07cc
07d0
07de
07c9
07ce
07c7
07d4
07d2
07d0
07ce
07d2
07ce
07c7
07d6
07cb
07d7
07cf
07d2
07d0
07cd
07d0
07cb
07cc
07d1
07cb
07cd
07d1
07c7
07d0
07dc
07d8
07d5
07c5
07d1
07d8
07d2
07d6
07cf
07d3
07d5
07d3
07c7
07cd
07c2
07d2
07c7
07d7
07d3
07cc
07da
07db
07d3
07be
07c7
07d1
07d3
07c5
07d2
07db
07cd
07d2
07cc
07d8
07d5
07cc
07d1
07d6
07d2
07c6
07d6
07c9
07cc
07c7
07d8
07ce
07c3
07ca
07ce
07d1
07cd
07d8
07d2
07ce
07cf
07d3
07c8
07d0
07d6
07d1
07d1
07d0
07ca
07d5
07d3
07d3
07d0
07cd
07d4
07ce
07d4
07d4
07cf
07ce
07da
07c7
07c8
07ce
07d5
07d0
07cd
07d0
07d1
07c2
07d1
07d4
07cf
07cc
07d0
07ce
07ce
07da
07d2
07d8
07c9
07d1
07cf
07dd
07d0
07c6
07d6
07c7
07db
07c2
07ce
07d8
07cd
07ce
07d4
07d3
07da
07d8
07eb
07fb
080e
0843
0871
08bf
091d
0993
0a10
0aa3
0b2e
0bc7
0c29
0c63
0c79
0c63
0c2c
0bad
0b38
0aa8
0a1c
0999
0925
08bb
0873
083e
0817
07f9
07e7
07d9
07d0
07cf
07c7
07d0
07d1
07ca
07d3
07ca
07d1
07cb
07d2
07da
07c9
07d5
07ce
07d0
07cc
07d0
07d4
07da
07c8
07ca
07d4
07c7
07cb
07e3
07c8
07d0
07cb
07ce
07d4
07d3
07d4
07d2
07d3
07dd
07cd
07d8
07bf
07c1
07d1
07d3
07c8
07ca
07d0
07ca
07cb
07cd
07c9
07d2
07cd
07da
07cd
07d5
07d6
07cb
07cd
07d4
07cf
07cb
07da
07dd
07c8
07d0
07c4
07e1
07c6
07d9
07d5
07c8
07c8
07da
07cd
07cb
07d3
07d4
07d5
07d6
07d6
07d0
07d1
07cd
07d1
07d1
07cd
07d6
07d0
07ce
07d0
07d5
07d2
07ca
07d7
07cf
07d0
07d0
07d0
07d1
07d0
07d6
07cb
07c7
07c7
07cd
07cf
07cc
07c9
07d5
07ce
07d2
07d4
07ca
07ce
07cf
07d1
07d1
07cb
07d8
07d9
07c5
07cd
07d0
07c7
07cd
07cb
07d4
07cd
07db
07c8
07c7
07cb
07d1
07cc
07cb
07d1
07c7
07d8
07d5
07d2
07c8
07cf
07d1
07c7
07d3
07c3
07ca
07d3
07c8
07ca
07cb
07db
07c5
07c6
07da
07d3
07d3
07cd
07da
07d0
07cc
07d1
07cd
07d2
07d5
07c9
07d6
07cc
07cb
07cd
07ce
07c5
07cb
07c7
07e0
07d5
07d5
07cf
07ce
07c5
07ce
07ce
07ca
07cd
07d2
07d3
07d1
07d0
07cc
07c9
07d0
07d5
07ce
07d3
07ca
07ca
07cb
07d0
07d7
07d9
07d3
07cd
07cd
07d3
07cc
07d3
07cc
07da
07d6
07d1
07cd
07cf
07d3
07d1
07d5
07d5
07cd
07d2
07d2
07c8
07d4
07cd
07d3
07cb
07da
07d5
07cd
07d8
07d5
07cf
07d1
07d2
07c5
07d3
07dc
07c4
07c6
07d5
07c8
07d5
07ce
07d6
07d1
07d1
07d8
07d6
07d4
07ca
07c9
07d4
07cf
07cc
07d9
07d1
07c8
07d8
07c5
07e0
07d2
07d9
07cf
07cc
07c6
07d3
07ce
07d1
07d1
07dc
07d5
07cf
07ce
07cf
07d4
07d0
07da
07d1
07ca
07ce
07d1
07d0
07cd
07c7
07c9
07ce
07d4
07dd
07d1
07d1
07d6
07df
07cf
07e0
07d8
07cd
07d3
07cb
07cc
07cc
07d5
07cd
07c7
07c5
07d4
07d8
07d7
07cc
07d2
07c5
07ce
07cf
07ce
07d7
07d4
07cf
07cf
07cd
07cb
07c5
07cb
07d2
07d7
07cc
07ce
07ce
07ca
07c0
07c7
07ca
07cf
07cd
07c9
07cf
07d2
07d3
07cd
07c2
07cc
07d5
07d0
07c3
07d3
07c6
07d2
07d7
07c6
07d4
07dc
07c3
07d8
07d4
07e2
07ee
07f8
080e
0835
0877
08bb
091a
0992
0a16
0aa5
0b39
0bae
0c1b
0c71
0c88
0c6c
0c2a
0bb3
0b3a
0aab
0a15
099a
091e
08bb
0872
083b
0817
07f8
07df
07db
07d7
07e2
07ca
07de
07cd
07cf
07c8
07cb
07d3
07df
07c7
07d1
07cb
07da
07d4
07cf
07d2
07c9
07cf
07d2
07d0
07d3
07d5
07d2
07c1
07cf
07ce
07d5
07cb
07d2
07c7
07d1
07c5
07d6
07d1
07ce
07ce
07cf
07c8
07d4
07cb
07ce
07cd
07ca
07d6
07cd
07d7
07ca
07c7
07d6
07d1
07d4
07cd
07d8
07e1
07d2
07dc
07d3
07c6
07d4
07ce
07cf
07ca
07cc
07c8
07ca
07d4
07cf
07c8
07d1
07d9
07d0
07d0
07cf
07c9
07da
07d4
07cc
07cc
07c9
07d4
07c5
07d6
07c9
07d0
07cd
07d6
07d0
07c8
07d4
07d4
07d6
07d1
07da
07d1
07d2
07ce
07d4
07c7
07cf
07d1
07c6
07dc
07d3
07d1
07ce
07ce
07ce
07d2
07cd
07ce
07d2
07cf
07cd
07ca
07d3
07cf
07cf
07c8
07d1
07e3
07ce
07cf
07c7
07d4
07d1
07ca
07c8
07c9
07d1
07d6
07d2
07d7
07d3
07d0
07d3
07d2
07d1
07cf
07c9
07cb
07cd
07cf
07d6
07d1
07d7
07da
07ce
07ca
07d3
07d2
07c7
07c7
07da
07d0
07c6
07ce
07d7
07cd
07cd
07d9
07d4
07d3
07d6
07c7
07ce
07d1
07ca
07d1
07ca
07ca
07cb
07cb
07d1
07c9
07d1
07cc
07ca
07df
07d4
07dd
07ca
07ce
07d4
07cd
07d3
07db
07cb
07c5
07d0
07d6
07cb
07ca
07dd
07d1
07d4
07ce
07ce
07d1
07cd
07ce
07c5
07cf
07d4
07d3
07d8
07d4
07c9
07ce
07c7
07d2
07d5
07d0
07d0
07ca
07d0
07d7
07ce
07d2
07c8
07d0
07d1
07c1
07d0
07ca
07d3
07ce
07c7
07ce
07d8
07d8
07e4
07d8
07cc
07d0
07de
07ca
07c5
07d0
07dc
07cd
07ce
07db
07c9
07d0
07d3
07d0
07c8
07cd
07c1
07c4
07d2
07d1
07d0
07c8
07cc
07cb
07d3
07d1
07cf
07c9
07ce
07d4
07da
07cb
07c8
07bd
07d2
07cf
07c9
07cc
07cb
07cc
07d4
07cf
07d0
07cf
07c4
07d2
07cb
07d0
07ce
07d7
07dc
07d3
07d7
07c4
07d0
07d1
07d4
07c5
07dc
07ce
07d9
07cf
07cd
07ce
07cd
07cd
07c1
07d6
07d7
07c5
07cf
07cb
07cb
07d5
07cd
07d7
07cc
07d3
07cf
07d0
07d4
07c9
07cf
07d5
07d2
07d4
07d6
07d1
07cb
07d1
07cb
07c3
07d3
07d0
07ce
07cd
07d0
07cf
07d2
07d0
07ca
07cc
07cb
07cc
07c8
07cb
07cd
07d5
07d6
07d8
07d4
07d4
07ce
07c9
07c3
07cc
07d2
07d8
07cf
07c9
07ca
07d1
07d4
07d2
07d2
07d7
07d6
07ce
07ce
07cb
07d3
07c5
07cd
07c9
07d2
07cd
07d2
07d2
07d9
07ce
07cd
07d7
07cf
07ce
07cd
07d4
07cf
07c3
07d3
07d1
07d6
07c9
07cf
07d5
07c6
07d2
07d9
07c9
07c2
07d2
07d3
07d2
07cf
07db
07d8
07c7
07d7
07c8
07d2
07d2
07d2
07d5
07c5
07d0
07cc
07cc
07ca
07d3
07da
07c4
07d5
07cf
07d9
07d6
07de
07d4
07da
07d0
07d7
07da
07c9
07ce
07cb
07d3
07d7
07cd
07c6
07d6
07c7
07da
07c4
07d9
07d6
07d5
07d5
07cb
07d0
07d1
07d2
07c4
07cb
07c6
07d7
07d6
07d5
07cc
07c7
07cd
07d8
07d3
07d6
07c9
07d0
07ca
07cf
07c2
07cf
07dd
07d0
07d5
07cc
07d3
07ca
07d2
07c9
07cc
07d0
07d4
07c8
07d1
07d0
07c9
07be
07d1
07cb
07d6
07cc
07c9
07d9
07d6
07d0
07cf
07cc
07d4
07ca
07d3
07d8
07d4
07cb
07da
07cc
07d0
07c9
07d2
07d5
07d8
07d0
07c6
07d4
07ce
07dd
07d2
07cf
07d1
07cf
07cb
07cd
07cb
07d2
07c6
07d3
07c7
07d9
07cf
07d5
07da
07ce
07cd
07d4
07d0
07cd
07ce
07cf
07db
07c5
07d0
07d3
07ca
07cc
07c8
07cb
07d4
07cc
07cf
07c6
07cd
07d8
07d2
07d6
07d4
07c4
07da
07d0
07cc
07c8
07d5
07cb
07cd
07c7
07d4
07d4
07cf
07d4
07c0
07cc
07c8
07ca
07d3
07d1
07d3
07d2
07d7
07d2
07ca
07cf
07c8
07cf
07d6
07cf
07d4
07c8
07d4
07d2
07da
07d0
07ca
07d4
07c0
07d7
07cc
07cb
07cd
07c8
07cd
07d2
07d0
07c7
07ce
07cb
07c9
07d0
07d1
07d2
07ce
07d6
07d2
07d9
07d1
07d4
07cb
07d2
07d3
07c6
07d0
07d3
07c8
07d6
07cf
07d7
07d4
07d6
07d7
07cd
07ce
07d5
07d6
07d2
07ca
07ca
07cd
07ce
07d5
07c7
07cd
07d0
07ca
07d3
07dd
07dd
07cb
07cc
07cc
07d6
07d1
07d1
07d6
07d1
07ce
07cd
07d7
07d1
07d4
07d0
07cf
07de
07cb
07c9
07cd
07d1
07c3
07d9
07cd
07c4
07cd
07d7
07cb
07d5
07c8
07cc
07d5
07ce
07cc
07cc
07d1
07d4
07c5
07d0
07d5
07cb
07cc
07d7
07d7
07c2
07d3
07d8
07d3
07c0
07dc
07d1
07ce
07cb
07ce
07cf
07d7
07ce
07dc
07cd
07cc
07da
07cd
07d0
07cb
07cf
07d2
07ca
07d4
07cc
07cd
07d9
07d8
07cd
07d4
07ce
07da
07cf
07cc
07d0
07ca
07cd
07da
07c2
07c4
07ce
07d3
07dd
07dd
07c7
07d7
07da
07c8
07cf
07ce
07d7
07c5
07d5
07cd
07c4
07d7
07cb
07d8
07cd
07cd
07d8
07cf
07cc
07d4
07d5
07d7
07c7
07c4
07d0
07ce
07c5
07d0
07cf
07bf
07ce
07d0
07d3
07c6
07cc
07d8
07c6
07cc
07cd
07d1
07d2
07c8
07c6
07c8
07d2
07d2
07d5
07d3
07cd
07d2
07cf
07d4
07d7
07c7
07c9
07d8
07cd
07d6
07d1
07d6
07d3
07d2
07cb
07cf
07c8
07c5
07c6
07ca
07d9
07d0
07d3
07d8
07cf
07d5
07d1
07cf
07d1
07d6
07cb
07cd
07d5
07c5
07d6
07c3
07d5
07cf
07c8
07cc
07cb
07c1
07d2
07ce
07c9
07d4
07d8
07cd
07ce
07ce
07d4
07ca
07ce
07ca
07bf
07cd
07c8
07ca
07c8
07cd
07cc
07ce
07d7
07d2
07cb
07d5
07cf
07c9
07d8
07ce
07be
07ca
07cf
07da
07df
07c8
07d3
07d9
07d7
07d8
07cc
07d6
07e1
07e1
07f9
080c
0834
0874
08c0
091a
0997
0a17
0aab
0b43
0bb7
0c27
0c6b
0c78
0c61
0c29
0bb9
0b3a
0aad
0a1b
0995
0926
08be
0866
0841
081e
07fc
07e8
07da
07dd
07c8
07ce
07ce
07d5
07d9
07d0
07d3
07da
07ce
07c1
07cc
07d1
07d3
07d2
07cf
07cc
07d1
07da
07d6
07cf
07d0
07cf
07d2
07d2
07cc
07d2
07da
07d9
07ca
07d8
07d2
07cf
07d4
07d2
07ce
07da
07da
07cb
07d7
07d5
07c8
07d5
07d0
07d6
07cd
07cd
07cc
07d5
07c6
07dd
07c7
07ce
07d8
07cb
07ce
07ca
07d0
07d3
07cf
07c6
07d0
07c6
07db
07d5
07d7
07d4
07d6
07cf
07cf
07da
07d2
07d7
07cc
07d1
07d1
07cb
07d2
07d1
07da
07d7
07d6
07cb
07d8
07c8
07dc
07d1
07c8
07c8
07d1
07ca
07d4
07d6
07d9
07d1
07cd
07d1
07ca
07d6
07d3
07d8
07c6
07d6
07d0
07c1
07c8
07d0
07d3
07ce
07d6
07cd
07c5
07d6
07ca
07c2
07ce
07ce
07d0
07d3
07d3
07d7
07d0
07e1
07db
07d1
07c8
07d7
07ca
07cf
07d0
07d1
07d1
07d2
07d4
07d7
07ce
07d4
07cf
07d0
07d9
07d0
07cc
07cf
07d5
07c8
07d3
07d1
07cc
07d8
07cf
07cb
07cf
07c6
07cf
07c7
07c3
07c9
07df
07d0
07cc
07c9
07d0
07d0
07cd
07c5
07d1
07ce
07d4
07d0
07d0
07ca
07cf
07d1
07d6
07cc
07d3
07ce
07d4
07d7
07cd
07c9
07d4
07d0
07d2
07cf
07d8
07d7
07d6
07c9
07d3
07c9
07cd
07d0
07d2
07c6
07ce
07d8
07d7
07d5
07d1
07c8
07ca
07d1
07d7
07d5
07d6
07cf
07cf
07d5
07c6
07d1
07d6
07cd
07d7
07c6
07cb
07cc
07d2
07cb
07ce
07cb
07c8
07d9
07d4
07c8
07d7
07cf
07d8
07cd
07d6
07cd
07db
07d7
07cd
07ce
07ce
07d7
07c4
07ce
07cf
07ca
07d5
07d8
07d4
07c2
07cb
07d7
07d5
07cb
07d8
07c4
07e0
07d9
07d1
07c9
07d5
07d9
07d0
07d0
07d6
07d0
07d1
07cf
07c6
07d6
07cb
07cc
07d9
07ce
07ce
07c4
07ce
07cb
07d5
07cf
07d0
07d1
07cc
07d7
07dd
07d7
07cb
07cc
07d4
07d8
07d2
07cd
07d1
07d4
07de
07e0
07f2
081b
0846
086d
08bc
0922
0990
0a14
0aa2
0b35
0bb3
0c2c
0c5c
0c77
0c64
0c27
0baf
0b3a
0aa5
0a19
099c
0924
08ba
0869
083f
0804
0802
07f2
07dd
07d7
07d1
07cf
07d4
07cd
07d1
07d2
07cc
07cd
07d7
07cc
07d6
07cd
07ca
07d2
07d1
07c9
07d2
07cb
07c3
07c7
07c6
07d1
07d8
07d4
07ca
07d1
07d0
07c9
07d1
07d3
07c9
07c3
07ca
07d2
07cc
07cf
07d7
07d1
07d4
07d9
07cf
07d9
07d2
07d2
07d7
07d8
07cf
07ce
07d6
07c2
07d6
07cf
07d1
07ca
07ce
07cf
07d5
07cf
07c7
07d7
07db
07ce
07cb
07cd
07cc
07ce
07ce
07d2
07d0
07d7
07cf
07cb
07c3
07d3
07cf
07da
07d0
07d4
07ca
07d3
07cf
07d5
07cf
07d0
07dd
07c6
07ca
07ce
07c9
07d4
07cc
07d0
07c7
07d4
07d3
07d3
07d4
07cf
07ca
07cb
07d1
07d5
07dc
07d7
07d9
07ce
07d1
07cc
07d7
07d2
07d0
07d5
07cc
07cc
07c9
07d1
07cf
07d4
07d4
07d5
07ce
07d4
07da
07ce
07d7
07b9
07cf
07d3
07c9
07cc
07d4
07d5
07d2
07d3
07ce
07ce
07d7
07d3
07cd
07cd
07d6
07cf
07d1
07d8
07d7
07cd
07c7
07cc
07cd
07ca
07cc
07c9
07c7
07d0
07d6
07d3
07cd
07c0
07cc
07d7
07d0
07cd
07d3
07ce
07cd
07cb
07ce
07cc
07c9
07d4
07d1
07ce
07c4
07ce
07d7
07cf
07cc
07d3
07d2
07ce
07d3
07d3
07d4
07cb
07d1
07d0
07d3
07d1
07cc
07cf
07cd
07d0
07d7
07ca
07cf
07d2
07d1
07cc
07d8
07cf
07d2
07cd
07d6
07cb
07ca
07ce
07c5
07d2
07d2
07ca
07d6
07c8
07c9
07d1
07d3
07d1
07d3
07d4
07c8
07d3
07cd
07d0
07da
07ca
07cd
07ca
07cb
07d6
07d3
07cf
07c7
07d4
07d2
07d6
07d3
07dc
07ce
07d4
07cc
07d8
07d5
07c9
07c6
07cf
07c4
07cd
07ce
07cc
07cb
07c7
07d2
07c9
07d1
07c9
07d3
07c8
07d8
07cd
07d1
07d2
07d3
07bf
07cb
07cd
07d9
07cc
07d6
07d0
07d1
07d0
07d7
07d5
07d1
07d5
07d0
07c8
07cf
07dc
07cf
07cf
07c8
07d6
07ca
07c9
07c6
07d2
07d7
07ce
07c5
07cc
07d2
07d1
07cc
07c6
07ce
07d2
07d2
07cd
07c6
07d4
07d1
07d3
07ca
07d4
07c2
07c8
07d3
07ca
07cc
07d5
07d8
07cc
07d5
07cf
07cf
07cf
07d5
07c9
07d5
07d4
07d4
07d8
07d5
07cd
07d3
07d5
07cd
07d6
07d3
07c9
07d2
07c4
07d0
07c8
07ce
07d0
07d3
07d1
07d3
07c7
07dd
07d4
07cd
07ce
07cf
07bf
07bf
07d3
07d4
07cd
07c8
07c8
07cd
07c8
07da
07ca
07d6
07d4
07d8
07d0
07c9
07cd
07cd
07cc
07ce
07ca
07da
07d7
07de
07e2
07ff
080e
0844
0874
08b9
0922
0997
0a23
0aa9
0b43
0bbe
0c1f
0c6d
0c7a
0c62
0c22
0baf
0b38
0aa5
0a17
098c
0915
08bd
087c
0832
0806
07f2
07e5
07de
07d9
07d3
07d5
07d7
07c0
07d2
07ce
07c4
07d2
07ce
07ce
07d1
07d3
07d0
07d6
07d0
07dc
07c8
07cc
07d3
07ce
07d3
07d6
07c3
07c8
07c6
07cb
07d3
07cb
07c7
07d4
07c8
07c1
07d7
07c2
07c6
07c9
07d0
07c8
07d1
07cc
07cb
07cc
07ce
07ba
07d1
07ce
07d4
07d3
07c8
07d9
07d1
07da
07c8
07d2
07d7
07cd
07ce
07cc
07d3
07d0
07ce
07cd
07d1
07c9
07cf
07c3
07ca
07ca
07cd
07cc
07d3
07c9
07ce
07d4
07d0
07c8
07d0
07d3
07ce
07bf
07ce
07d4
07d6
07c7
07d2
07d8
07cb
07ce
07ce
07ca
07d2
07d2
07c2
07d2
07d1
07cf
07ce
07dd
07d1
07c7
07d4
07cc
07ce
07cc
07cb
07c9
07d3
07d6
07d1
07ce
07c8
07d1
07d0
07d5
07ce
07c6
07d1
07c8
07d6
07d9
07db
07cf
07d2
07d8
07d5
07cd
07d1
07de
07de
07df
07f3
0812
0837
0864
08b6
0921
09a0
0a30
0abd
0b72
0c18
0cb4
0d41
0da8
0df6
0e32
0e48
0e48
0e25
0e07
0da8
0d53
0ce8
0c59
0bbb
0b1f
0a7e
09f5
0971
0907
08a5
085c
0835
0812
07fa
07e7
07da
07d7
07cb
07d4
07d6
07cb
07d9
07d0
07cb
07c8
07d1
07d4
07d3
07ca
07c7
07ca
07cc
07cc
07c8
07d4
07cb
07d3
07d9
07cd
07d3
07ca
07c7
07d0
07cf
07d3
07d3
07c1
07c7
07d0
07cf
07cf
07cd
07d0
07c7
07ce
07d0
07ca
07c8
07d5
07ca
07cb
07ca
07d5
07cf
07d2
07cb
07cc
07d3
07c8
07ce
07d4
07dd
07dd
07d2
07ca
07cf
07d0
07d3
07cc
07d3
07cf
07d2
07e1
07d1
07cb
07c7
07cf
07c7
07bf
07c5
07cb
07db
07d9
07cf
07d4
07ca
07cb
07d4
07d5
07c2
07d1
07d6
07db
07c8
07d8
07d3
07cc
07ca
07c2
07cb
07ca
07cd
07d9
07cb
07d2
07d7
07ca
07d6
07ca
07c1
07d8
07d0
07c9
07d3
07ce
07ce
07c6
07ce
07d3
07ce
07d5
07d0
07c9
07ce
07d8
07c4
07d9
07d4
07d2
07d0
07c6
07c9
07d0
07c9
07cc
07d1
07db
07d8
07ca
07df
07d7
07d0
07cf
07c9
07cc
07d4
07cd
07c8
07cf
07cb
07d0
07cd
07d5
07d1
07ce
07d5
07cf
07d6
07da
07c5
07cc
07c7
07cd
07cd
07d2
07d3
07d1
07cb
07d6
07d3
07c7
07dc
07d2
07d9
07c7
07ce
07d2
07cc
07ce
07d0
07d1
07ce
07cb
07d7
07d3
07da
07d1
07c8
07d5
07ce
07d1
07c5
07d5
07cf
07c9
07d2
07ca
07c6
07cd
07dc
07d5
07ce
07c9
07ce
07d0
07c9
07c5
07c2
07d8
07d9
07d3
07d5
07c8
07c9
07d2
07c7
07cd
07d5
07cb
07d0
07ca
07d7
07cd
07c9
07cf
07d7
07d1
07d0
07d5
07cd
07cc
07d5
07d5
07c4
07c7
07c8
07c5
07d3
07cb
07d0
07cf
07d1
07c8
07d4
07cb
07d7
07d1
07cb
07cc
07cf
07ce
07d5
07d0
07d1
07d1
07cf
07ca
07cb
07d3
07cd
07c8
07d8
07ce
07d6
07ce
07c9
07ca
07cb
07c9
07d4
07d5
07d4
07d1
07ce
07c3
07c1
07d1
07d1
07d5
07c7
07d2
07d4
07de
07c2
07ce
07ca
07cf
07c3
07c6
07cd
07d0
07d2
07ce
07cd
07d0
07cd
07d8
07cb
07d6
07c7
07d1
07d8
07c2
07ce
07d0
07cf
07ca
07d7
07d0
07d8
07cd
07cc
07cb
07ce
07d1
07ce
07d0
07cc
07d4
07d6
07cc
07dc
07ca
07cc
07d0
07cf
07d0
07da
07cf
07d2
07cb
07c2
07c9
07d1
07cf
07c5
07d4
07cf
07d1
07ca
07cd
07d1
07c8
07d4
07db
07cd
07c6
07cf
07d0
07cc
07d9
07d3
07ce
07d2
07cf
07ce
07c9
07cd
07d7
07cf
07d2
07cc
07d8
07c9
07de
07da
07e1
07da
07e5
07f3
0817
0838
086f
08c2
0916
0998
0a21
0aa3
0b37
0bb6
0c2e
0c5c
0c7c
0c69
0c25
0bb2
0b33
0aa3
0a1e
098f
091b
08c4
086f
083e
0813
07f7
07e7
07de
07df
07d4
07c7
07d8
07cd
07d0
07cc
07cb
07d0
07cb
07d7
07d3
07cc
07d3
07d2
07ce
07c0
07d6
07cc
07d5
07cd
07d1
07d7
07cc
07cd
07d6
07d7
07db
07cf
07c1
07da
07d2
07ca
07ce
07d0
07ca
07cd
07c7
07d1
07c8
07cc
07cf
07c3
07c6
07cf
07d3
07d7
07d7
07dc
07d1
07cd
07ca
07d7
07cd
07d2
07d5
07ca
07ca
07d8
07c1
07d4
07cb
07de
07d0
07d3
07c8
07d5
07d0
07d0
07c7
07d4
07d0
07ca
07cc
07d5
07cf
07d4
07d1
07d7
07d9
07cc
07d4
07d0
07dd
07d1
07cf
07d2
07c9
07cd
07ce
07ce
07d4
07cb
07ce
07d9
07d2
07d5
07d1
07d6
07d2
07d1
07d1
07d1
07cb
07c6
07cc
07cd
07d5
07d6
07d8
07ce
07d3
07d3
07d6
07ca
07d3
07d4
07d9
07d3
07d2
07c1
07d6
07c7
07d1
07c5
07d6
07d5
07ca
07d2
07d3
07d0
07d2
07cf
07cc
07d0
07ca
07dc
07cd
07c8
07dd
07d1
07d2
07cb
07cb
07ca
07d3
07d2
07c7
07cb
07d6
07d4
07cc
07c6
07ca
07ce
07d2
07d2
07c5
07d0
07cd
07d3
07c8
07c5
07d1
07d4
07d4
07cd
07cf
07d1
07d1
07d4
07ca
07d2
07d4
07d2
07cb
07d8
07cf
07d0
07c8
07d7
07d5
07d1
07d0
07ce
07c9
07d4
07cf
07d6
07da
07e5
07fe
0810
0836
0876
08b8
0924
098d
0a11
0aa9
0b41
0bba
0c26
0c69
0c87
0c64
0c1d
0bc2
0b3a
0a9c
0a17
0996
0927
08ba
0872
083a
081b
07f6
07e9
07e8
07d3
07d4
07d2
07e0
07d0
07bd
07d4
07ca
07c6
07c2
07ce
07c9
07cb
07ca
07cb
07d5
07d0
07d9
07c9
07d1
07c9
07d0
07cd
07c6
07c1
07d0
07d3
07c5
07c3
07d5
07ca
07d8
07c3
07cc
07cb
07ce
07d5
07d5
07cc
07c3
07d3
07c8
07c2
07cb
07d0
07d0
07cb
07d2
07d8
07d2
07d8
07ca
07c5
07c9
07c8
07cb
07ca
07cb
07d5
07c9
07cf
07d8
07cc
07d4
07cb
07ca
07d2
07d2
07cb
07d1
07cd
07d2
07ce
07c6
07d0
07de
07ca
07cf
07d4
07cb
07c7
07d6
07d1
07c8
07d0
07cf
07cc
07d4
07c7
07cd
07d8
07d2
07db
07cc
07d4
07d9
07d9
07d8
07c4
07c6
07d7
07cc
07d1
07cd
07c9
07d8
07cb
07d2
07cb
07cc
07db
07cc
07cd
07cf
07d3
07d1
07e0
07d5
07c7
07d5
07d1
07c9
07c3
07cd
07ca
07ce
07d2
07cd
07d5
07cf
07d1
07d9
07ce
07ce
07d5
07cd
07d2
07d1
07d4
07c7
07d0
07cd
07cf
07d8
07d7
07d1
07d8
07cc
07d2
07c8
07d8
07d5
07d2
07da
07d0
07ca
07d2
07d6
07d3
07d2
07cd
07ce
07d5
07d2
07cf
07ca
07d1
07c8
07d3
07d9
07ce
07ce
07cb
07d3
07cb
07d6
07cb
07d5
07d0
07d1
07d6
07c6
07d8
07d0
07cd
07c7
07c2
07d4
07d8
07c6
07d0
07d0
07cf
07c9
07d8
07d5
07d2
07c8
07d3
07c5
07c9
07cf
07ce
07e0
07d9
07d2
07ce
07d5
07ce
07cb
07d0
07d1
07cd
07ce
07ce
07d8
07d5
07cf
07c9
07c2
07d7
07ce
07d0
07c2
07c9
07db
07c6
07c2
07d0
07c0
07d6
07d8
07c8
07d0
07cf
07cc
07d2
07cf
07d2
07d9
07cb
07d0
07d4
07d0
07dc
07dc
07c6
07dc
07d5
07ce
07c4
07d6
07cc
07c3
07d1
07cc
07d2
07d0
07c6
07d7
07d6
07d5
07ca
07c0
07cd
07d1
07da
07c8
07cc
07cc
07ca
07cd
07ca
07cc
07c6
07cd
07d4
07cd
07d3
07c9
07c7
07c6
07ce
07d0
07ce
07d6
07d2
07d7
07d1
07d2
07cb
07cc
07d3
07d0
07c8
07ce
07d0
07cc
07d4
07d0
07d2
07d2
07d2
07cc
07ce
07d0
07cc
07ce
07d2
07d1
07d1
07cb
07cd
07cd
07d2
07d1
07c8
07c6
07c5
07cb
07cb
07ca
07c5
07bf
07d5
07d2
07cb
07cd
07c8
07d2
07d0
07c2
07ca
07ce
07c8
07cf
07cb
07d3
07cf
07cd
07d5
07d5
07d9
07d2
07ce
07d5
07ce
07d4
07d3
07d0
07c7
07cf
07c9
07d3
07cc
07d3
07cc
07d0
07cb
07cd
07c2
07c8
07c9
07cd
07ce
07d4
07e1
07d7
07d4
07d1
07c8
07cc
07d1
07d5
07cd
07c7
07d6
07d3
07c5
07d4
07cf
07d2
07d5
07c3
07ca
07c3
07d0
07cf
07cc
07d7
07cd
07da
07d4
07cd
07cc
07cc
07c4
07cd
07c5
07cc
07c8
07c7
07ca
07d1
07d6
07d3
07d3
07d4
07da
07d0
07d4
07cb
07d3
07d3
07d6
07cd
07de
07d0
07ce
07d0
07cc
07d5
07c9
07cb
07d9
07cc
07cc
07ca
07c9
07d9
07d6
07cf
07cd
07d0
07d8
07cd
07ce
07d2
07cd
07c8
07d3
07d2
07cc
07d0
07cd
07d4
07d3
07d8
07d3
07cf
07d0
07cd
07d5
07cf
07d6
07d0
07c7
07cd
07d2
07cc
07d2
07d4
07cd
07d4
07d4
07cf
07dd
07ce
07d5
07ca
07ce
07c4
07c8
07d3
07ce
07d8
07c8
07c8
07d0
07c9
07d8
07d6
07c6
07d4
07d7
07d1
07ca
07d2
07d0
07cc
07d0
07c9
07cc
07cc
07cb
07d1
07ce
07d6
07d5
07cb
07c7
07c7
07d8
07d2
07c5
07d6
07cd
07d2
07d0
07cc
07d0
07cc
07dc
07ca
07cf
07c7
07cc
07d2
07cf
07ca
07c4
07d4
07d0
07d7
07d2
07cc
07d2
07d6
07d1
07cf
07d5
07ca
07d5
07d6
07d2
07c9
07cc
07d3
07cb
07d0
07cd
07d6
07cf
07c8
07e2
07d3
07c5
07d1
07cd
07d6
07db
07c5
07d2
07cb
07d0
07d0
07d5
07cd
07ca
07c7
07d6
07d0
07cb
07c0
07d7
07d7
07cd
07cc
07d1
07d1
07d3
07cf
07d0
07d7
07c2
07d1
07d6
07d2
07d2
07db
07d4
07df
07ce
07dc
07ce
07da
07d3
07cf
07d0
07cf
07d6
07cb
07d0
07cf
07c4
07d6
07c6
07d1
07d2
07d4
07c9
07d2
07cb
07d0
07cc
07d3
07d3
07d1
07cd
07cf
07d3
07d1
07cc
07cb
07d1
07ce
07cc
07c8
07d0
07cf
07d2
07d4
07c9
07d2
07da
07d6
07d5
07d5
07cb
07d1
07c6
07d2
07c8
07d7
07c8
07d2
07cd
07cd
07cb
07cc
07cc
07d8
07cf
07d8
07c8
07d0
07d7
07d1
07cd
07ca
07ca
07d0
07d4
07d5
07d5
07cc
07c6
07ce
07de
07cb
07cf
07d1
07cf
07d0
07d6
07d1
07d0
07ce
07cb
07d2
07c5
07cd
07e2
07d5
07d0
07d2
07d2
07ce
07cb
07ce
07d4
07d2
07d6
07d1
07c4
07c9
07d4
07cd
07ca
07d3
07d7
07cc
07d0
07d5
07cb
07d9
07cb
07cd
07d0
07cb
07cd
07d5
07d6
07d6
07cc
07cf
07c5
07cf
07c6
07c8
07ce
07cf
07cf
07cf
07cf
07c6
07d8
07ce
07d8
07c5
07d4
07d3
07d7
07c7
07d1
07d5
07bd
07d2
07c5
07c7
07d7
07cc
07cf
07ce
07d9
07d2
07d0
07d3
07d0
07d1
07de
07cb
07d1
07d4
07d2
07d0
07d8
07d2
07d0
07d2
07d3
07d6
07d2
07c2
07cd
07cb
07c9
07cd
07d6
07d2
07d3
07cc
07d0
07d6
07c9
07d0
07ca
07d7
07d2
07cf
07ca
07cd
07cd
07d7
07d3
07c9
07d7
07ca
07c6
07cc
07d4
07d4
07cd
07ce
07d0
07c5
07d8
07c7
07cd
07d8
07cd
07d2
07cf
07d1
07d2
07cc
07d1
07d8
07c6
07ca
07d3
07cf
07cb
07cf
07d0
07d0
07cd
07cc
07c6
07cc
07cd
07cd
07d3
07ca
07cc
07d5
07ca
07cd
07d0
07d9
07d3
07cc
07d4
07d4
07d1
07d4
07cb
07d1
07d4
07d9
07d0
07db
07c8
07cf
07cb
07c9
07c5
07de
07d6
07d2
07d0
07d3
07d1
07d7
07d8
07c8
07d3
07cc
07d5
07d0
07ce
07d1
07c9
07da
07df
07ca
07d5
07d8
07d6
07d0
07cb
07c5
07d2
07cf
07c7
07cd
07c4
07d2
07d2
07d6
07c2
07ca
07d4
07d9
07d7
07cd
07c2
07cb
07cb
07d3
07c7
07d1
07d1
07d1
07d3
07cd
07ce
07da
07d9
07d0
07c9
07d2
07d6
07d0
07c9
07ca
07db
07cb
07db
07d6
07cb
07ca
07c9
07cf
07d2
07ca
07d5
07ca
07d0
07d6
07da
07cc
07c9
07cd
07cf
07cd
07d5
07cb
07ce
07db
07d0
07cf
07d7
07c8
07d0
07d8
07cb
07d0
07cd
07bf
07c7
07c3
07d2
07cc
07d5
07d7
07cd
07c9
07d2
07cd
07c9
07d1
07d2
07cb
07d2
07d1
07d1
07cd
07d9
07c7
07c8
07c8
07cb
07c9
07d4
07cc
07d4
07d8
07d6
07d9
07cb
07c7
07d3
07da
07cb
07cf
07c8
07c7
07c3
07c7
07cf
07d3
07c5
07cd
07ce
07cf
07c9
07d7
07c8
07ce
07d4
07cb
07ca
07d1
07cd
07d6
07cc
07d1
07cd
07ca
07cf
07d1
07d1
07d6
07c4
07d8
07cd
07d8
07cf
07ce
07d6
07c2
07d7
07d8
07ce
07d2
07cb
07d4
07c9
07d5
07ce
07c3
07cd
07cf
07d6
07ce
07c6
07cb
07cf
07ce
07ce
07d3
07ca
07cb
07dc
07cc
07d6
07cc
07cd
07d2
07cf
07d5
07ce
07c8
07cd
07da
07cb
07dd
07d3
07cc
07c6
07c2
07cb
07d6
07d0
07d3
07d1
07d4
07cc
07cd
07d1
07dd
07ce
07c7
07cd
07cb
07ca
07d1
07d0
07ca
07cf
07d1
07d3
07d1
07c9
07d5
07d1
07ca
07d2
07d1
07d0
07cb
07d4
07c8
07b9
07ce
07db
07ca
07c7
07c5
07da
07d6
07d3
07db
07d3
07cf
07ca
07d6
07cf
07ca
07d0
07cf
07ce
07d9
07cf
07d9
07ca
07cc
07c7
07d5
07cd
07cf
07c9
07c7
07d6
07c4
07d2
07d5
07c9
07cb
07d5
07d0
07c5
07ca
07cc
07ce
07d2
07d4
07d0
07d1
07cf
07d2
07d4
07cd
07d2
07c9
07d4
07cf
07d2
07d0
07cf
07d4
07d1
07d9
07cb
07d2
07d3
07ce
07cb
07cd
07cf
07d8
07cc
07cd
07d5
07d4
07cf
07ce
07cb
07cc
07cc
07d3
07d6
07c5
07c7
07da
07d0
07d3
07c0
07d3
07cb
07ce
07d9
07c8
07cc
07d1
07c9
07d3
07cc
07cc
07cb
07c9
07d4
07c5
07d1
07d2
07d5
07c4
07dc
07d4
07ca
07d2
07d2
07c9
07d9
07c6
07d5
07cf
07d1
07d0
07cb
07cb
07ce
07ca
07cf
07d2
07d7
07c3
07d1
07cd
07d0
07d1
07cf
07d0
07d7
07cf
07d5
07d2
07d4
07cb
07cc
07c4
07ca
07d5
07d0
07d3
07d5
07cf
07c8
07d1
07d0
07cb
07d3
07cf
07d3
07d3
07cd
07d4
07d1
07de
07d1
07d1
07d1
07d7
07c5
07d7
07db
07d1
07c9
07d1
07d9
07c5
07cb
07d9
07cb
07ca
07c7
07d6
07cc
07d3
07d2
07cc
07cf
07cd
07cf
07d2
07cb
07d0
07d2
07d2
07d3
07d7
07d4
07be
07d5
07cb
07ca
07cf
07ca
07da
07d2
07d1
07d6
07d3
07d2
07d4
07cc
07cc
07c6
07c5
07d3
07ca
07d5
07d1
07d3
07d1
07d3
07c9
07c9
07d8
07d0
07cf
07cd
07cc
07cf
07cf
07cd
07cf
07ca
07d0
07d3
07d4
07d7
07d2
07cf
07cb
07e0
07d6
07cd
07c9
07d6
07d1
07c7
07c9
07cc
07cf
07cf
07cd
07cc
07cd
07c6
07c9
07da
07db
07d4
07cf
07cd
07d2
07d8
07d2
07cd
07da
07ca
07cb
07c1
07c5
07d4
07da
07ce
07cb
07d6
07d5
07d6
07d0
07cc
07d0
07d1
07d0
07d4
07cb
07cc
07d0
07d8
07d5
07d6
07d2
07d2
07d1
07c4
07c3
07d1
07d0
07d2
07ca
07d1
07c5
07dc
07ca
07cc
07ce
07cd
07d1
07c9
07d6
07cb
07d0
07cb
07c8
07cf
07d1
07ce
07d7
07cc
07ce
07c6
07d7
07da
07cb
07d3
07da
07d8
07d1
07c8
07d1
07c9
07c5
07d0
07cb
07cc
07cf
07cf
07cd
07cd
07d2
07d5
07c5
07cd
07cd
07c4
07d6
07d7
07d3
07cf
07c8
07cc
07ce
07d1
07d1
07d2
07cf
07d6
07da
07d4
07d3
07cf
07c5
07d2
07c8
07cf
07cf
07d1
07c9
07d7
07c1
07c3
07c9
07d1
07d3
07d9
07d3
07de
07d2
07d1
07d1
07d1
07cb
07d3
07d0
07d4
07da
07dc
07cb
07d1
07cb
07cc
07ce
07c9
07d3
07d4
07cc
07d3
07d0
07ce
07d2
07d9
07c9
07d2
07d6
07cb
07d9
07d6
07cf
07d8
07c4
07d0
07d1
07cc
07d3
07d5
07c9
07d1
07d0
07c9
07cc
07d5
07d4
07d6
07e3
07cf
07c8
07d0
07cc
07db
07c8
07d1
07d3
07ce
07cc
07cc
07d3
07d5
07d2
07d2
07d3
07cf
07c7
07c8
07de
07c6
07cf
07ca
07cd
07cd
07c9
07cb
07d8
07d8
07da
07cd
07d0
07d5
07c7
07c6
07d5
07d3
07c1
07d5
07d1
07d0
07cd
07c3
07cb
07c4
07d5
07cd
07c6
07df
07d7
07d0
07d2
07c9
07d0
07cc
07cd
07d1
07c6
07cb
07d0
07d5
07c6
07d5
07d3
07cc
07d2
07cd
07cc
07cd
07c6
07d6
07c6
07d1
07cf
07c8
07cf
07dc
07cb
07d1
07df
07cc
07e1
07cc
07c9
07d4
07ca
07cb
07d0
07d8
07d7
07d3
07cc
07c9
07cc
07da
07d1
07d7
07d2
07d0
07d0
07d3
07d2
07d8
07c6
07d3
07cb
07ca
07d5
07ca
07c9
07cd
07d0
07d5
07cb
07c6
07cd
07d8
07dc
07d8
07cf
07d1
07d3
07c7
07d6
07cd
07cd
07d5
07cc
07d3
07d1
07cc
07ca
07d0
07d3
07c4
07d5
07c7
07c3
07cf
07d4
07cb
07cf
07d7
07cb
07d4
07ca
07d1
07d2
07cc
07c3
07d0
07d4
07d4
07d2
07ce
07d0
07ce
07cb
07c8
07cc
07ce
07ca
07d2
07d2
07d0
07d7
07ce
07cd
07cd
07cf
07d3
07c8
07cf
07da
07d3
07d5
07d0
07d4
07cf
07c9
07ce
07d4
07d3
07c9
07d3
07c7
07cb
07d7
07d3
07d3
07d2
07d1
07d4
07d1
07cf
07d3
07cf
07ce
07d6
07d0
07ca
07dc
07d4
07d1
07d0
07d9
07ca
07cc
07d0
07c2
07da
07d2
07d6
07cc
07c4
07d2
07c9
07cc
07cb
07d2
07d1
07c1
07d1
07c3
07c7
07ca
07d4
07d3
07d1
07d1
07cd
07c3
07d5
07cc
07d6
07ce
07c8
07d1
07cd
07cf
07c9
07d2
07ce
07c6
07da
07d2
07cf
07d6
07ce
07ca
07ce
07ce
07d3
07d5
07d1
07cc
07c4
07d0
07d1
07ce
07cb
07cd
07d0
07cc
07d7
07cd
07d6
07e0
07d9
07d1
07d6
07d8
07cf
07cc
07d3
07cf
07d2
07ce
07ca
07d2
07ca
07c8
07c8
07d6
07d1
07cf
07d1
07d2
07cf
07d0
07d7
07c9
07d3
07c7
07ca
07cd
07d2
07c8
07d4
07d7
07ce
07d1
07d7
07cc
07d2
07c9
07d3
07ce
07e4
07ce
07ca
07d3
07d1
07c5
07d6
07cf
07c4
07cc
07d0
07cc
07c5
07d2
07d7
07d3
07d7
07ca
07d1
07c5
07cf
07cc
07d6
07d6
07cb
07d5
07cf
07c7
07d7
07cc
07ce
07ca
07d3
07d5
07cb
07c5
07cd
07ca
07e2
07cd
07d3
07d8
07d3
07d4
07d2
07d4
07d4
07c9
07c5
07cb
07c4
07d3
07ce
07d2
07cc
07cf
07cc
07d9
07d0
07cf
07ca
07cf
07d3
07cb
07d6
07cf
07c5
07d1
07cb
07d0
07c7
07c9
07c7
07d0
07d8
07cd
07c8
07d0
07d3
07d3
07ce
07d2
07cc
07d6
07c9
07cd
07d1
07d7
07d5
07da
07c8
07e0
07d3
07cd
07d0
07ce
07c5
07d3
07d7
07cf
07d7
07d8
07d1
07cb
07d2
07d4
07cc
07d0
07cc
07cc
07d3
07d6
07d2
07ce
07d0
07c9
07d7
07cf
07cd
07d0
07c9
07d2
07c9
07d1
07d0
07d0
07c5
07da
07d2
07ce
07cf
07cf
07d1
07d2
07c9
07ce
07cc
07c4
07c8
07da
07ce
07c6
07ca
07d2
07dc
07d6
07c9
07c9
07cc
07cf
07d8
07d0
07c2
07c7
07cf
07e3
07d1
07d7
07cd
07d0
07d8
07ca
07d6
07d9
07cb
07cc
07cd
07d5
07cb
07cf
07cf
07ca
07cc
07ca
07cf
07cc
07cb
07bf
07c7
07d1
07ca
07c7
07cc
07c4
07d8
07ca
07cf
07ce
07cf
07cf
07cd
07d1
07da
07d6
07cd
07ca
07c8
07ce
07cc
07d6
07cc
07ca
07d2
07d3
07cc
07ca
07ca
07d5
07d2
07c5
07de
07cf
07cd
07ca
07d2
07ca
07cf
07d5
07cc
07ce
07d5
07d0
07d0
07d8
07c9
07dd
07cd
07d5
07ca
07d8
07d3
07d3
07cf
07d3
07ce
07cc
07c9
07d0
07d0
07d4
07cc
07d1
07cd
07c5
07d3
07c0
07ce
07db
07d1
07da
07c8
07cb
07d1
07da
07d1
07d7
07d2
07c6
07c6
07d3
07d6
07cd
07d6
07d5
07c9
07cd
07d3
07d8
07d3
07ce
07d0
07d5
07cc
07d0
07d5
07d5
07d2
07bf
07d4
07d2
07d8
07d0
07ce
07cc
07c8
07cd
07cb
07d8
07d0
07ca
07c7
07cf
07d0
07db
07d0
07cf
07d0
07d3
07cd
07cd
07c8
07cb
07d3
07c5
07c7
07cf
07cc
07d4
07cc
07d2
07de
07d8
07d0
07d3
07ce
07cc
07d6
07cc
07cb
07cb
07d0
07d3
07cf
07cf
07c8
07c8
07d5
07d6
07d4
07d8
07d3
07ce
07cf
07cf
07d3
07cf
07ca
07ca
07cb
07cd
07d0
07ce
07d0
07c8
07d7
07d0
07d2
07c9
07db
07ca
07d8
07d8
07d1
07d6
07dc
07db
07cb
07c9
07cf
07d3
07d7
07d2
07dd
07d0
07d0
07cb
07c9
07ce
07db
07d7
07d2
07d3
07cc
07c4
07d2
07e1
07c9
07ce
07ce
07d8
07cb
07ca
07ce
07d0
07d3
07d3
07c6
07ca
07cc
07cf
07ca
07d4
07cd
07cb
07ce
07db
07cd
07ca
07be
07d0
07cc
07c6
07cb
07ce
07cd
07d2
07ce
07cc
07cc
07d6
07d0
07d2
07cc
07db
07cf
07cf
07c2
07cc
07d7
07d0
07cc
07ce
07cc
07cc
07d4
07cc
07c7
07cd
07d3
07d5
07d4
07d0
07cc
07d2
07d7
07c9
07d3
07d0
07d6
07cd
07d0
07ce
07c8
07cf
07cb
07d2
07c9
07cd
07d2
07cd
07d2
07d3
07d5
07d6
07d9
07cf
07d7
07d8
07cc
07d1
07d0
07d2
07c8
07da
07d9
07cc
07d2
07ce
07cd
07cf
07d0
07de
07dc
07d0
07d3
07d8
07d2
07cd
07d4
07d1
07d5
07d0
07cb
07c7
07d4
07c6
07d3
07c1
07c7
07d9
07d3
07db
07cd
07d5
07d4
07cf
07d6
07d2
07cd
07d0
07cd
07d0
07cd
07c5
07cd
07cf
07da
07cd
07cc
07c7
07d2
07cf
07ce
07cc
07c7
07c8
07c5
07c3
07d4
07d8
07ca
07d9
07c9
07da
07cb
07d4
07cb
07c7
07da
07d5
07cc
07c7
07ca
07d3
07d3
07d5
07d7
07d3
07cf
07d3
07d6
07c6
07c1
07d0
07c8
07d4
07c8
07cf
07c6
07cc
07d6
07d0
07cf
07d4
07c9
07d2
07d2
07d4
07ca
07d1
07cf
07dd
07d1
07d8
07d1
07c9
07d6
07d4
07cc
07d6
07d1
07cc
07d8
07d3
07e9
0802
0812
0839
086d
08b4
0914
0992
0a1a
0aab
0b29
0bb6
0c1f
0c6e
0c7d
0c5a
0c1e
0bbf
0b34
0aab
0a14
0992
0928
08bd
0872
083d
081e
07fd
07e3
07e4
07d0
07d9
07d5
07ca
07d8
07d0
07cc
07c5
07ca
07d0
07d6
07c9
07cb
07c2
07cd
07cd
07d2
07d5
07c9
07ce
07cf
07c9
07c9
07ca
07d0
07cf
07d0
07ca
07dc
07d2
07cf
07ce
07ce
07d2
07c9
07e0
07d4
07d0
07d4
07d8
07ce
07d2
07d0
07ca
07c4
07cf
07d1
07d2
07c9
07d1
07ce
07d9
07cc
07d5
07cf
07ca
07dc
07cf
07cb
07d4
07cd
07d5
07d1
07ca
07c6
07cc
07c6
07cb
07cb
07ce
07d6
07be
07c7
07ce
07d6
07d1
07ce
07d7
07ce
07c7
07d9
07d0
07d6
07c5
07ce
07ce
07cf
07d1
07cd
07d3
07c9
07ce
07d3
07d4
07d1
07ce
07c8
07d3
07d1
07d7
07d0
07cd
07cc
07d0
07d3
07d6
07d1
07d7
07c8
07cf
07cc
07d2
07d6
07d2
07d3
07d3
07e4
07d2
07cb
07d1
07d0
07ce
07cb
07d1
07d1
07c5
07d3
07d9
07e0
07db
07e1
07fa
0812
083e
086f
08c0
0915
0993
0a1d
0aa7
0b33
0bc2
0c2d
0c6a
0c85
0c6a
0c28
0bc0
0b2f
0aa3
0a16
0992
091a
08bf
0870
083f
0819
07ec
07e4
07d6
07db
07d1
07cf
07d2
07da
07dc
07ce
07d6
07cd
07d3
07ca
07cf
07cc
07d5
07de
07d6
07ce
07c3
07cd
07d6
07d2
07d1
07ce
07cf
07c4
07ce
07c6
07d1
07c8
07d4
07d2
07d8
07d4
07cd
07d4
07cd
07c5
07cd
07d2
07cf
07c2
07c7
07c4
07cd
07c8
07cf
07d0
07c3
07cf
07da
07d4
07cd
07d1
07d0
07d4
07ca
07c6
07cb
07c5
07cc
07d4
07d1
07d3
07d7
07db
07ca
07c9
07ca
07d2
07d7
07d7
07d6
07d0
07d1
07cc
07d1
07c9
07d2
07cf
07c9
07db
07d4
07da
07d5
07d1
07ce
07c9
07dc
07ce
07d9
07cb
07cc
07d3
07da
07cf
07d0
07c7
07d3
07d3
07ca
07d5
07d0
07cf
07d6
07c5
07d7
07d3
07d9
07c6
07d9
07cc
07d9
07d8
07cd
07ce
07d4
07cc
07d1
07d7
07d8
07d0
07d0
07d7
07cc
07cf
07cf
07d1
07cc
07c9
07d0
07cd
07d2
07ce
07d1
07dc
07cb
07d4
07c9
07d0
07d4
07d5
07d1
07d0
07c3
07d5
07cd
07d7
07d4
07ce
07cf
07d1
07d2
07ce
07cb
07ba
07d0
07cf
07cd
07c8
07d1
07c9
07cb
07d0
07d1
07cc
07ca
07ca
07da
07dd
07de
07ee
0807
0811
083b
087a
08c2
0927
0999
0a2c
0ad3
0b7c
0c22
0cbd
0d3c
0dac
0e00
0e29
0e3f
0e56
0e2c
0df4
0daf
0d58
0cd4
0c53
0bb7
0b21
0a83
09f1
096e
0901
08aa
085b
082c
0812
07e9
07e8
07e1
07db
07ce
07d6
07cd
07dc
07ce
07d2
07d6
07cd
07cb
07d1
07d0
07cf
07ca
07d7
07d6
07ce
07d8
07ce
07d4
07d0
07cf
07d6
07ce
07cf
07c6
07cf
07cd
07d5
07c7
07c7
07d1
07d6
07c8
07d6
07c9
07c7
07ce
07d4
07ce
07ce
07d9
07cf
07cf
07ca
07cf
07d4
07c9
07d5
07ce
07d6
07c9
07cf
07d4
07cf
07cd
07cf
07d6
07cb
07c7
07d7
07c5
07ce
07d9
07d2
07cb
07cd
07cf
07d6
07d2
07cb
07d8
07c7
07d4
07cd
07ce
07d1
07d4
07d1
07bb
07d6
07cb
07c5
07cd
07ce
07cd
07d2
07ce
07d1
07d0
07cc
07d3
07d5
07cf
07d9
07ce
07c5
07cf
07cd
07d4
07d3
07c8
07d1
07d0
07da
07d0
07d5
07c9
07d0
07cd
07bb
07d0
07de
07d3
07d0
07ce
07c5
07cd
07d2
07d0
07d4
07d9
07e7
0801
0814
083e
0873
08b4
0921
0994
0a1a
0aa1
0b32
0bb2
0c21
0c66
0c7c
0c65
0c25
0bae
0b2c
0ab3
0a13
0996
0917
08bb
086d
083c
0811
07f5
07ec
07dc
07dc
07d0
07d6
07cd
07d4
07d0
07d3
07d0
07c9
07db
07cf
07db
07c9
07dc
07d3
07cb
07ce
07d2
07cb
07d6
07db
07d0
07d5
07cc
07ce
07cd
07c3
07ca
07cc
07d2
07d7
07d4
07c5
07d7
07d7
07d5
07ca
07d6
07d1
07d8
07c8
07d7
07dd
07c6
07d6
07d0
07cc
07cd
07d5
07cf
07d5
07cb
07d1
07ca
07cb
07c7
07c9
07cf
07ca
07d5
07d7
07d1
07d0
07d4
07cc
07c7
07d5
07dc
07cf
07c9
07d2
07d1
07d3
07d4
07c9
07cc
07c8
07d0
07cd
07cd
07d3
07d2
07cc
07cb
07d1
07d5
07c9
07d0
07d1
07cf
07d6
07d0
07ca
07c0
07cc
07d4
07d1
07cb
07ca
07d5
07c6
07cd
07d3
07c7
07ce
07c3
07ce
07cd
07ca
07d5
07d0
07d2
07d3
07d1
07d1
07ce
07ce
07c5
07c8
07d6
07cb
07d8
07d7
07d1
07cc
07c6
07c6
07cc
07da
07e2
07de
07f7
0807
083d
0870
08ba
0921
098d
0a19
0aa5
0b37
0bc2
0c23
0c63
0c80
0c66
0c27
0bae
0b38
0aae
0a0e
098f
091e
08c5
087a
083f
0818
07f3
07e4
07d2
07e0
07d8
07ce
07d5
07d4
07d0
07ca
07cf
07d3
07d6
07c6
07d1
07cc
07ce
07d4
07d3
07c7
07d1
07c8
07cd
07ce
07d9
07c8
07ce
07d1
07cc
07c5
07d3
07d3
07d1
07da
07d0
07c4
07cc
07d0
07d3
07cd
07d3
07d3
07cd
07cd
07d0
07da
07c6
07d7
07d0
07d4
07d2
07ca
07cf
07d3
07d1
07c3
07c9
07c7
07ca
07cb
07d7
07e0
07ca
07cc
07d8
07c9
07ce
07ce
07d2
07d2
07ca
07c9
07cc
07cd
07d4
07c9
07d9
07c9
07c6
07d9
07d2
07c8
07d7
07c7
07ce
07d4
07cc
07d1
07da
07cd
07cc
07ce
07d4
07d9
07ca
07c7
07c6
07c7
07da
07cd
07d4
07de
07d5
07d9
07d2
07c2
07d6
07c7
07cf
07de
07d4
07d5
07d1
07e1
07be
07c0
07cd
07c8
07d6
07cb
07d4
07ca
07c8
07d4
07d0
07c5
07d0
07cb
07cd
07ca
07cf
07d2
07d6
07d2
07d5
07ce
07d2
07c5
07c3
07d5
07ca
07d1
07d9
07ce
07d7
07ce
07d2
07c9
07d5
07d4
07ce
07cd
07c9
07d1
07d7
07d2
07d2
07ce
07d1
07c5
07d9
07cb
07d6
07ca
07c9
07c5
07ce
07c8
07d2
07d0
07ca
07c3
07cb
07c9
07d0
07d2
07d2
07d9
07d6
07cf
07c4
07db
07c7
07d4
07c1
07d1
07d0
07cc
07d0
07d2
07cf
07d4
07cf
07d7
07d5
07cd
07ce
07c5
07d0
07d1
07cb
07d1
07cd
07d2
07cd
07cd
07c8
07d5
07cb
07d6
07d8
07c7
07ce
07dc
07d4
07dc
07db
07d1
07cc
07d1
07ce
07d8
07d2
07d2
07cd
07d2
07ca
07d7
07d3
07d4
07c5
07d1
07d6
07cd
07d2
07ce
07cd
07cd
07ce
07d2
07d8
07cd
07d0
07d3
07dd
07da
07d4
07d4
07cd
07d5
07cf
07dc
07db
07eb
07ff
081b
0841
086f
08c3
0922
098f
0a18
0aa9
0b31
0bb6
0c2a
0c6c
0c80
0c68
0c27
0bc3
0b32
0aa4
0a0b
098e
0921
08c1
087b
083d
0813
07f9
07e7
07da
07dd
07cd
07d3
07d0
07c8
07d3
07c1
07ce
07d0
07cc
07ca
07d4
07d2
07c7
07ce
07ca
07d6
07cd
07c6
07ca
07cd
07cb
07cf
07d1
07e0
07d4
07cd
07ce
07d1
07cf
07cf
07ce
07d0
07c9
07d4
07d2
07d2
07cc
07d6
07ce
07d7
07c7
07c2
07cb
07ca
07d0
07d5
07d2
07d1
07c2
07c8
07ce
07cf
07d3
07d3
07da
07d7
07d4
07ca
07d1
07cc
07cc
07ca
07d6
07d1
07cb
07ca
07cd
07d3
07c4
07cd
07d0
07d8
07cc
07d3
07d2
07ce
07cd
07d0
07cc
07cc
07d3
07ca
07d1
07da
07ce
07c6
07d5
07ce
07d4
07d9
07d3
07cf
07c6
07cf
07d3
07d0
07c7
07da
07cf
07ce
07d5
07c2
07d2
07d7
07d9
07cf
07cb
07d1
07c8
07cf
07cf
07cd
07d1
07cd
07cd
07d0
07ca
07c7
07cc
07bf
07d2
07d3
07d1
07cc
07d1
07d4
07da
07d4
07da
07d1
07cb
07d0
07ce
07cc
07d3
07d2
07c8
07d9
07d4
07d9
07ca
07cc
07d0
07cb
07d2
07ca
07d7
07cc
07d1
07cb
07c3
07c6
07d5
07d7
07ca
07d9
07d8
07d3
07cd
07d1
07d8
07cb
07d1
07d4
07cf
07e0
07c7
07e6
07dc
07e5
07ec
0805
0844
087b
08ba
0925
098d
0a1d
0aa3
0b38
0bbf
0c25
0c71
0c85
0c72
0c27
0bb2
0b42
0aa7
0a19
0990
091c
08bb
0874
083d
0813
07ff
07ed
07dc
07d4
07db
07ca
07cc
07c9
07d7
07ca
07cb
07cc
07d1
07d1
07ce
07ce
07d6
07cf
07c4
07ca
07c9
07c9
07c7
07cb
07c9
07d0
07d2
07ca
07d6
07cd
07d0
07dd
07cd
07ce
07ce
07cc
07dd
07c6
07d4
07d7
07cc
07ce
07d4
07cc
07cd
07ca
07cd
07d1
07ce
07d3
07ca
07cd
07cc
07d2
07d8
07d2
07cd
07c4
07cf
07cf
07ca
07d3
07d2
07c8
07d6
07d2
07cf
07cb
07d1
07d7
07d4
07d3
07cf
07cc
07d4
07d5
07cc
07d2
07d4
07d4
07c4
07d0
07c4
07cc
07c8
07ca
07cf
07ca
07dd
07cf
07d4
07cf
07e2
07d3
07cf
07d3
07d8
07d3
07c7
07c4
07d4
07c7
07d4
07cd
07d2
07d7
07c5
07cd
07cc
07c2
07d9
07cf
07d3
07d2
07d2
07d6
07d1
07cd
07cb
07c6
07cb
07c6
07d1
07d4
07cf
07d0
07d6
07d0
07ca
07c5
07cf
07ca
07cd
07d1
07d3
07d2
07ce
07d5
07cf
07d1
07cd
07e0
07cc
07d2
07cb
07ca
07d1
07c7
07c7
07d8
07d6
07d6
07d4
07d0
07cf
07cd
07d2
07d2
07ce
07db
07c6
07d1
07ca
07de
07ce
07cf
07cc
07cc
07d6
07d1
07d6
07d5
07e2
07e2
0805
0812
0845
086d
08ba
092e
0998
0a26
0ac6
0b72
0c1d
0cb2
0d45
0dac
0dfe
0e35
0e3f
0e47
0e26
0e04
0db5
0d54
0cec
0c57
0bc3
0b25
0a87
09f0
0972
0908
08a5
0865
0832
0811
07f0
07e5
07da
07da
07ca
07cd
07d4
07d1
07d2
07d8
07cd
07d0
07d6
07c9
07c7
07ce
07ce
07ca
07d4
07da
07d1
07cf
07d3
07ca
07c5
07c8
07cc
07cd
07c8
07c9
07d7
07c7
07d6
07dd
07c9
07cf
07d1
07d5
07ce
07ce
07c6
07c7
07cb
07cd
07ce
07d0
07ca
07cf
07d7
07cc
07ce
07d3
07c4
07d6
07d5
07d0
07cb
07d1
07d7
07ce
07d3
07d8
07ca
07e2
07cf
07d1
07cf
07cf
07d2
07d1
07d6
07d1
07d3
07d3
07c8
07d3
07c8
07d5
07d2
07d7
07d3
07ce
07cd
07d4
07c3
07cc
07c8
07da
07d6
07d0
07c8
07ce
07d8
07c8
07d0
07cf
07d1
07d8
07d0
07d2
07c7
07cc
07c7
07d4
07d4
07c9
07ca
07c8
07d1
07d1
07db
07cb
07cf
07d1
07d5
07db
07c9
07da
07cf
07df
07cd
07cb
07d4
07ce
07c7
07d0
07cf
07ce
07cb
07d0
07cf
07ce
07db
07cb
07c7
07d5
07da
07cc
07d8
07d2
07cc
07d2
07d5
07cc
07d2
07d1
07d9
07d6
07d1
07dc
07cf
07d2
07dd
07d2
07ce
07cc
07d4
07d6
07cd
07de
07d0
07d7
07c8
07d3
07ca
07d4
07d1
07cd
07d2
07c7
07cd
07ce
07d4
07d2
07d4
07d4
07d7
07cc
07ce
07d2
07d1
07d4
07d2
07d5
07cb
07e1
07cb
07cf
07d2
07cd
07ce
07d1
07d1
07c7
07cb
07d3
07d1
07cd
07d0
07cf
07c9
07d3
07d0
07cf
07d6
07d2
07d0
07d5
07d9
07d1
07c6
07d1
07d0
07d2
07cc
07c7
07c8
07d7
07d3
07d0
07d4
07cb
07d9
07de
07df
07e9
07f9
0813
0839
0874
08b5
091a
0997
0a1b
0aa8
0b39
0bb6
0c28
0c6a
0c7d
0c6a
0c29
0bbd
0b3c
0aaa
0a11
0996
091b
08be
0874
0837
0819
07f3
07ed
07d7
07d2
07d9
07d5
07d4
07d0
07cd
07cd
07cd
07cc
07ce
07d2
07ca
07d2
07d0
07bf
07c9
07d0
07d9
07d1
07d5
07d1
07d0
07cd
07d0
07ca
07cd
07d7
07c6
07c6
07c9
07d6
07ce
07d4
07c2
07cf
07d3
07cb
07c8
07d3
07d8
07d1
07d8
07cb
07ca
07d2
07ce
07cf
07d4
07d5
07d7
07d3
07d9
07d3
07dc
07c6
07cd
07d7
07d4
07d1
07c7
07d2
07c7
07c8
07d7
07c9
07cf
07d0
07cc
07cf
07cc
07d0
07cc
07c5
07d3
07cb
07d4
07ce
07d0
07cd
07c8
07d0
07cf
07cc
07d8
07cd
07c7
07d1
07d2
07da
07cf
07c2
07cb
07c7
07cd
07ca
07d4
07d5
07cf
07cf
07d4
07d5
07d5
07cf
07cb
07d2
07cd
07be
07cb
07d1
07cc
07cc
07da
07d7
07ca
07de
07ce
07d2
07d1
07ca
07c5
07d2
07d6
07ca
07cd
07c9
07dc
07ce
07d2
07d9
07d9
07c5
07d4
07d3
07ce
07cd
07cc
07cd
07d1
07d0
07ce
07d0
07ce
07c8
07db
07ce
07d2
07be
07cb
07cb
07ca
07d5
07d3
07ce
07d6
07d4
07d4
07cc
07cb
07d0
07d7
07d1
07ce
07c3
07d2
07d8
07c8
07cc
07d1
07c4
07c2
07cc
07d0
07d4
07e1
07c7
07ce
07db
07ce
07c8
07d0
07d0
07dc
07d0
07cb
07ce
07ce
07d3
07d0
07d3
07cc
07c9
07cd
07c6
07c7
07d4
07cf
07cf
07bf
07d7
07ce
07cf
07d1
07cc
07d5
07d3
07cf
07cb
07d1
07d4
07cf
07d0
07d1
07de
07c6
07d6
07ce
07d3
07d2
07d5
07c5
07d3
07cb
07d7
07d0
07c9
07d3
07d0
07cd
07cf
07cf
07cb
07d1
07d9
07db
07d1
07df
07d6
07cd
07d2
07d1
07d0
07d9
07d3
07c5
07d3
07d0
07d7
07d0
07ca
07cd
07c4
07d0
07cf
07d2
07d5
07d0
07d3
07d4
07c9
07c9
07d0
07cb
07c4
07cd
07d1
07cd
07dd
07ca
07d4
07da
07cf
07d4
07c7
07c4
07d4
07ce
07d1
07d2
07d1
07d3
07d2
07d4
07ce
07c7
07d3
07d7
07d2
07cd
07c8
07cc
07ce
07cd
07d0
07cd
07cc
07d2
07cf
07d7
07d5
07d5
07d0
07c8
07c6
07d3
07d0
07d3
07d3
07ce
07d6
07c8
07d2
07d2
07d9
07cc
07d1
07d5
07d9
07d4
07cd
07d4
07da
07ce
07d7
07cd
07cf
07cd
07ce
07ce
07d0
07d3
07cb
07d3
07cb
07d0
07cc
07d0
07ca
07d8
07d3
07c7
07cf
07d4
07d6
07de
07ca
07d2
07d2
07d2
07de
07c8
07d0
07cd
07c4
07c6
07cb
07d0
07c9
07cf
07d3
07ca
07d1
07ce
07cc
07d0
07da
07c2
07d2
07d9
07d0
07d5
07e9
07f7
0810
0839
0869
08bb
0921
09a5
0a30
0acf
0b70
0c14
0cb2
0d39
0dad
0e05
0e3b
0e4a
0e48
0e29
0dfb
0da8
0d65
0ce7
0c56
0bbc
0b24
0a8c
09f8
0974
0905
08ab
0867
0823
080e
07f6
07e2
07df
07d6
07d5
07cc
07c9
07ce
07d4
07d2
07c6
07c5
07d6
07d1
07c2
07ca
07d4
07d1
07d7
07d1
07d1
07d2
07dd
07d1
07d0
07c9
07cc
07d2
07e1
07cb
07d8
07cf
07d1
07d3
07d7
07c4
07d5
07d1
07d1
07db
07d0
07cd
07cf
07cf
07cf
07d0
07d4
07d9
07d2
07cd
07ca
07d3
07d6
07cb
07d0
07cf
07db
07cf
07cb
07db
07db
07c8
07cd
07d5
07d3
07d3
07d9
07ca
07d1
07c9
07d1
07ce
07c9
07cc
07c7
07d6
07cd
07d7
07cd
07c8
07d6
07cd
07c9
07ca
07d5
07d4
07dc
07d3
07d2
07cd
07d2
07cb
07cd
07cf
07ce
07cf
07c6
07c8
07ce
07d5
07d5
07cd
07d0
07c7
07d2
07d8
07c5
07c9
07cb
07ce
07d7
07ce
07d1
07d5
07d5
07c5
07cf
07d1
07cd
07c4
07cf
07d1
07d1
07d5
07d1
07d3
07d0
07cf
07ce
07d5
07cb
07d6
07d6
07d1
07ca
07db
07d7
07cb
07d3
07c8
07cf
07ca
07ce
07cc
07c8
07d5
07c6
07d4
07ce
07d2
07d0
07cb
07ca
07ce
07cf
07ca
07cf
07cb
07cb
07d1
07ca
07c8
07cf
07d1
07d4
07db
07cd
07d5
07db
07d1
07d3
07d1
07d9
07c8
07d4
07cf
07c9
07d1
07cc
07d5
07ce
07d4
07db
07cc
07ce
07cb
07d0
07d4
07d1
07d3
07d2
07d2
07cd
07ce
07c8
07d5
07cd
07d6
07c9
07d7
07c8
07cc
07d9
07cb
07ce
07d3
07ca
07ce
07d7
07d0
07d8
07d0
07d3
07ca
07d9
07ce
07d5
07c7
07ce
07d8
07cd
07d2
07cf
07d5
07dc
07d5
07ca
07d2
07cd
07d8
07d6
07cd
07d3
07c6
07cf
07da
07c9
07d3
07d6
07ce
07d3
07cd
07d0
07d0
07c9
07c5
07cc
07d7
07d5
07d0
07cd
07cc
07d3
07d1
07d9
07d1
07d4
07c4
07d1
07cb
07d7
07d1
07d1
07cf
07cd
07ce
07c3
07d2
07d2
07cf
07d5
07d1
07cf
07d2
07da
07d6
07c1
07d5
07d6
07cc
07cc
07ce
07cf
07d2
07d0
07c7
07d5
07c8
07cb
07c8
07d9
07d4
07d9
07d2
07cb
07ce
07d0
07c8
07c1
07c0
07d3
07cc
07d6
07c7
07d1
07c2
07d0
07cc
07cd
07d0
07c9
07ce
07cf
07cc
07c9
07cd
07d7
07d6
07d6
07cf
07d9
07db
07d1
07d1
07d2
07cb
07cf
07d5
07c6
07d1
07db
07c4
07d9
07cf
07cc
07d6
07d5
07d1
07e0
07d2
07c9
07d4
07d9
07cd
07d0
07d3
07d5
07d1
07d2
07c9
07ce
07cf
07d1
07ca
07d1
07d6
07cd
07ce
07da
07cb
07cd
07d9
07d2
07d7
07d3
07c9
07cd
07cd
07cc
07c6
07d8
07d3
07d4
07cd
07d1
07c5
07c8
07d7
07cd
07d6
07d0
07d9
07cd
07d0
07d7
07d4
07cd
07cc
07cb
07d4
07d1
07ca
07d3
07cf
07d7
07d0
07cd
07ce
07cd
07dc
07d2
07ca
07cd
07cf
07d7
07c6
07cb
07d1
07d4
07d3
07db
07d3
07cb
07d5
07ce
07ce
07d8
07dc
07d5
07c2
07d2
07c6
07cf
07d4
07d6
07cd
07cf
07ce
07c8
07cf
07d1
07c5
07d3
07c9
07d2
07c8
07d3
07c5
07d6
07d2
07c8
07cd
07c8
07d3
07ca
07d2
07c3
07db
07d3
07d2
07d2
07d6
07d8
07cc
07d6
07d8
07c7
07d2
07cb
07ce
07d2
07c3
07d2
07cf
07c8
07cb
07d9
07c6
07d7
07dc
07ce
07d2
07d3
07d2
07d4
07d0
07d1
07cb
07c9
07d1
07d7
07c8
07c6
07cb
07e2
07cd
07d2
07c8
07d0
07d0
07de
07cc
07cf
07d6
07c8
07cd
07cf
07d5
07d6
07d3
07c8
07cb
07cc
07d0
07c5
07cb
07c8
07c9
07da
07c4
07d6
07cb
07c6
07c9
07cb
07d7
07dc
07cd
07d7
07c1
07c9
07cc
07d6
07cd
07ca
07cc
07d4
07cd
07c8
07ca
07cc
07d8
07d0
07ce
07ce
07cf
07d2
07cf
07c6
07d0
07de
07cc
07d0
07d7
07d3
07d2
07cd
07cb
07d4
07d7
07dd
07d4
07c4
07cb
07d0
07d6
07d0
07cf
07d6
07cf
07d1
07dd
07d0
07d7
07d0
07d7
07d8
07cc
07cd
07ce
07d7
07cf
07d5
07cd
07de
07cb
07d0
07d4
07ca
07d5
07ca
07d0
07d2
07cd
07ca
07ce
07d1
07cc
07d6
07d1
07d2
07d0
07c6
07d4
07c9
07ce
07d0
07d3
07c6
07d0
07d0
07cf
07c9
07d2
07c7
07c9
07c3
07ca
07d6
07d6
07d8
07d1
07d5
07d6
07cc
07d7
07d0
07d7
07c6
07d0
07cc
07c9
07d5
07ce
07d3
07ce
07d8
07cc
07d0
07ce
07d2
07cd
07cc
07c4
07c6
07cb
07c5
07d2
07cf
07c7
07d5
07d3
07cd
07d5
07d2
07cb
07cf
07e0
07d4
07d1
07d1
07c9
07d0
07cd
07d4
07cf
07d9
07cc
07c5
07d3
07cd
07cd
07da
07d4
07de
07e3
07f0
081c
0835
0878
08be
0928
0997
0a32
0ace
0b7e
0c1c
0cb1
0d3c
0daa
0e01
0e3a
0e4b
0e47
0e36
0dfa
0db3
0d64
0ce2
0c53
0bbc
0b25
0a8b
09ed
0975
08f9
08ad
0869
082d
0810
07f1
07e8
07dd
07d7
07d6
07d7
07d8
07cd
07cf
07cf
07d2
07cb
07cb
07d2
07ce
07c9
07ce
07ce
07cb
07d1
07cc
07ce
07cb
07ca
07d5
07d2
07c8
07cc
07d1
07cd
07d0
07d3
07c8
07ca
07d0
07d4
07cd
07d1
07da
07c8
07cf
07c9
07d4
07ce
07c5
07d8
07d3
07cb
07dc
07c6
07c5
07d1
07ca
07d5
07d3
07d8
07ce
07c9
07d5
07c6
07d4
07c3
07cd
07d2
07cb
07cb
07cd
07c9
07cd
07d6
07d0
07d2
07cf
07da
07cf
07d7
07d4
07ca
07cd
07d2
07d2
07d7
07d1
07d8
07eb
07e9
07f4
0817
0834
0870
08b9
0914
098b
0a18
0aa5
0b38
0bb9
0c26
0c5f
0c86
0c64
0c22
0bbc
0b37
0aae
0a11
0999
0918
08c7
086e
0843
0819
0803
07ef
07e6
07e6
07d3
07d8
07d4
07c9
07c9
07cd
07c4
07c2
07d5
07cc
07cb
07c7
07c9
07cf
07cf
07d6
07d0
07cf
07c7
07ca
07c4
07d4
07ce
07cf
07cf
07c2
07c7
07c3
07c6
07d7
07d5
07c8
07ce
07d8
07d6
07cd
07cf
07d2
07d2
07d1
07d1
07cf
07ce
07d1
07d2
07cf
07cf
07cd
07c6
07c8
07d5
07cf
07ce
07d3
07cc
07cd
07d4
07d1
07cc
07d2
07cf
07d5
07d8
07bb
07d2
07c6
07d4
07cb
07d2
07cd
07c8
07d2
07d1
07c6
07d2
07ce
07d3
07cc
07cf
07d0
07c5
07ce
07c9
07cd
07da
07d1
07d1
07d1
07d1
07d6
07d1
07d9
07cb
07ca
07d2
07ce
07d3
07cc
07cd
07d2
07d2
07d3
07d2
07d0
07d3
07d7
07cc
07cb
07d5
07c1
07d5
07c9
07ce
07c8
07c9
07d1
07cb
07c7
07cb
07d2
07ce
07c7
07cb
07ce
07cf
07c6
07d8
07d1
07c8
07d5
07cd
07d3
07db
07da
07bf
07df
07d5
07d7
07d0
07d3
07d0
07c7
07d7
07d9
07cf
07ca
07d7
07cd
07ce
07ce
07cf
07d0
07d0
07d8
07cf
07ce
07c5
07cd
07d4
07d0
07d7
07d2
07cc
07c7
07d2
07d2
07d1
07ce
07cc
07d7
07ce
07ce
07d3
07c9
07ce
07cb
07ce
07c8
07d3
07d7
07c8
07d1
07cf
07d0
07cd
07ce
07d1
07d6
07d1
07cc
07c0
07cc
07d7
07df
07d0
07d5
07c6
07cb
07d4
07ce
07cf
07cd
07d5
07cc
07ca
07cf
07d6
07cb
07d0
07cc
07ce
07d0
07dc
07cc
07c7
07c6
07cf
07d4
07c6
07d1
07c8
07d3
07cf
07d0
07d9
07ca
07d5
07d4
07d1
07cc
07d7
07ca
07cb
07d2
07cf
07c4
07ce
07cf
07d1
07cc
07d4
07d4
07cd
07cb
07cb
07d1
07d0
07cd
07c7
07db
07cf
07c9
07ce
07cb
07cb
07ce
07d2
07cd
07d9
07cf
07dc
07cc
07d5
07d3
07cc
07c7
07c6
07ce
07d8
07d0
07d8
07d4
07c7
07d0
07c8
07cb
07d7
07d3
07d7
07ce
07d6
07c7
07d3
07c8
07da
07d6
07cd
07d4
07cd
07ca
07d6
07d2
07c9
07c9
07cb
07ce
07d0
07d0
07ce
07c8
07cd
07d3
07cd
07d2
07c8
07d0
07cb
07d8
07cd
07cc
07ce
07d7
07d4
07d4
07d7
07d5
07cf
07cc
07d2
07d5
07c5
07c8
07c9
07ce
07cb
07d4
07c8
07c2
07cd
07cc
07cf
07d1
07cf
07cd
07d0
07c8
07d3
07c8
07d6
07c4
07cd
07ca
07d5
07c8
07ca
07d2
07d2
07d4
07e4
07ed
07f3
0816
083c
0876
08b8
0920
098f
0a1a
0aaa
0b33
0bbc
0c1d
0c65
0c7f
0c63
0c1f
0bbc
0b3a
0aa4
0a15
0998
0919
08be
0879
083e
0815
07f4
07eb
07da
07d6
07cc
07d1
07cd
07d2
07d3
07cb
07ce
07da
07d6
07d0
07d8
07cf
07d5
07c1
07cd
07cb
07d3
07ca
07cf
07c4
07cb
07ce
07d5
07cf
07d6
07cf
07e0
07cd
07d4
07d5
07d1
07d4
07d0
07d0
07d9
07c0
07ce
07c9
07ce
07d3
07cc
07d3
07dc
07d5
07cd
07cf
07cf
07d1
07d2
07c8
07d2
07d0
07cb
07d3
07d1
07ce
07d5
07d9
07d1
07ca
07cf
07d0
07cf
07ce
07d5
07c9
07c7
07cc
07d4
07cb
07c9
07cd
07d5
07d3
07d3
07d4
07d5
07ce
07d2
07d3
07d4
07d2
07d4
07d4
07cf
07d1
07d4
07c9
07c7
07d2
07d1
07cc
07ce
07ca
07de
07c6
07c8
07d0
07d0
07d5
07db
07da
07ce
07c8
07df
07dc
07ca
07d8
07e2
07d2
07cd
07d3
07d4
07cd
07d1
07d3
07dd
07d1
07d6
07cd
07c7
07cf
07c9
07d9
07d4
07d6
07d6
07d7
07db
07ea
07f8
081b
0836
086c
08b7
0917
098c
0a19
0aa9
0b2d
0bb9
0c2d
0c6d
0c84
0c69
0c23
0bbb
0b34
0aa8
0a14
0990
0915
08af
0877
083e
080f
07f7
07e7
07e1
07d1
07d3
07d7
07c9
07d0
07d0
07c7
07d9
07d2
07c9
07d9
07d1
07d6
07cc
07c8
07d6
07d5
07cb
07cd
07cc
07c8
07cb
07d0
07db
07ce
07d8
07d2
07d1
07d4
07ce
07ce
07d4
07cf
07d3
07c9
07d9
07d4
07d6
07d5
07c6
07cc
07d0
07da
07ce
07cc
07c4
07db
07cc
07cc
07d6
07d8
07cc
07d5
07cb
07cf
07c8
07d8
07ce
07d0
07cf
07c9
07ca
07ce
07ca
07ca
07cb
07c7
07d5
07cb
07d3
07cc
07d2
07d4
07d2
07ce
07c6
07cd
07d4
07cd
07be
07cd
07cf
07c8
07ce
07cb
07cf
07d3
07d5
07db
07d5
07d5
07d6
07c8
07ce
07d2
07d2
07cf
07ce
07cf
07cb
07da
07be
07d6
07cc
07d1
07cc
07d4
07c5
07dc
07d6
07c6
07cd
07dd
07d3
07d4
07c8
07d8
07cd
07c8
07ca
07cd
07ce
07cb
07d7
07d0
07c4
07d8
07d4
07cc
07c8
07ce
07cf
07c9
07d2
07d3
07d8
07d6
07d6
07ca
07d4
07d3
07d2
07d7
07d1
07ce
07d1
07cc
07cb
07c8
07d2
07d2
07ce
07d7
07ce
07c0
07d4
07d4
07d4
07db
07c8
07d3
07c5
07cf
07d0
07c7
07d0
07d8
07d1
07c9
07ca
07cd
07c5
07cc
07d2
07c9
07cd
07c6
07ce
07ce
07c8
07d5
07d2
07d2
07d2
07d1
07c8
07d1
07cd
07d5
07d5
07d5
07d2
07ce
07c6
07d0
07c9
07cc
07ce
07db
07ce
07c9
07d4
07c3
07cd
07d2
07d0
07d5
07cb
07ce
07c6
07cf
07cf
07c6
07cd
07d4
07cd
07ce
07cf
07ca
07d0
07d3
07d5
07cf
07cf
07d5
07ce
07cf
07c7
07dc
07c7
07d3
07d2
07c8
07d1
07cc
07d3
07d4
07d2
07d6
07cb
07d1
07c6
07d5
07ca
07cf
07cf
07ca
07d3
07cf
07c8
07c7
07c7
07da
07d2
07d5
07d3
07ca
07cb
07d2
07c6
07cf
07d7
07cb
07d7
07de
07d3
07c8
07ce
07ce
07d4
07cb
07d0
07d1
07d2
07cb
07d2
07ce
07cb
07d1
07d8
07d3
07d9
07d3
07d4
07d1
07d4
07cc
07cd
07d5
07c5
07c8
07db
07cc
07cb
07d2
07c4
07d5
07d0
07d7
07d0
07c8
07d9
07cf
07d0
07cb
07d0
07c8
07cf
07c4
07ce
07d1
07da
07d7
07d2
07d2
07c9
07d6
07bf
07d3
07dd
07d2
07c9
07ca
07d7
07d0
07cb
07d1
07ce
07d0
07d2
07d4
07cf
07d1
07d8
07d0
07cf
07ce
07cc
07d2
07d2
07d1
07cd
07cb
07d1
07c9
07d2
07d1
07c1
07cd
07dd
07d3
07d4
07cb
07d8
07c9
07d5
07ce
07ce
07ce
07ce
07d7
07c7
07ce
07d5
07cf
07cd
07d6
07d9
07ca
07cf
07c5
07cc
07d8
07cb
07d2
07d2
07d1
07d4
07cd
07cf
07d0
07c6
07d2
07cb
07cc
07cf
07cb
07d1
07c5
07ca
07cf
07d0
07d4
07d4
07e0
07d8
07de
07ce
07d3
07d5
07cd
07cf
07cc
07d7
07ce
07cf
07cf
07ca
07db
07c2
07cc
07cb
07cc
07d9
07d2
07c9
07c9
07cd
07da
07cb
07d1
07d1
07d4
07d5
07d6
07d2
07d2
07d0
07cd
07c8
07d7
07d3
07cb
07cf
07cb
07ca
07d5
07d0
07d5
07ca
07c7
07d7
07d1
07ce
07ce
07d4
07ce
07d6
07c1
07d2
07ca
07dd
07d5
07cf
07d6
07ce
07dd
07d2
07d1
07cd
07d6
07ce
07ce
07d6
07d1
07c9
07ce
07d0
07c8
07cf
07d8
07ca
07d6
07d2
07de
07c8
07ca
07d0
07c4
07c8
07cd
07d1
07d5
07da
07c7
07d0
07cc
07c1
07cd
07c8
07c8
07d1
07cc
07c9
07db
07d9
07c6
07ce
07d6
07d0
07cf
07cb
07d5
07d8
07cb
07cf
07d3
07d4
07cb
07d6
07da
07d1
07cf
07d4
07c6
07cb
07c3
07d5
07d1
07d1
07df
07cd
07c9
07d4
07db
07cc
07cf
07db
07d5
07da
07e4
07eb
0812
0836
086e
08b6
0916
0987
0a1a
0aa4
0b36
0bbc
0c24
0c66
0c85
0c6a
0c21
0bb1
0b39
0aa8
0a19
098f
091e
08b3
086f
0841
0817
07fe
07dd
07e0
07d5
07d0
07d7
07cd
07cf
07d4
07cf
07cc
07d2
07cb
07ce
07d6
07c5
07d0
07d2
07cf
07d4
07cb
07d1
07d6
07cd
07c5
07cc
07d5
07d1
07cd
07d4
07ca
07ce
07d1
07d0
07cc
07d3
07ce
07d0
07d5
07c1
07d2
07c9
07d2
07d0
07d3
07d2
07ca
07cb
07c7
07d7
07d3
07d7
07cc
07d0
07d7
07d7
07d9
07cc
07d5
07c8
07cb
07cc
07ce
07d3
07d4
07c8
07cd
07c2
07cf
07d0
07da
07d4
07d0
07d3
07ce
07c4
07ce
07cc
07d2
07d0
07d1
07cf
07ce
07c0
07d6
07cf
07d5
07d2
07d6
07d3
07cc
07d0
07c9
07cb
07be
07d6
07c6
07c9
07d0
07c6
07d9
07cc
07d7
07c7
07d3
07d8
07d6
07d5
07d4
07d2
07d0
07c8
07cb
07d0
07cc
07cc
07d9
07d0
07cc
07d0
07ce
07d7
07d1
07c9
07cf
07cc
07d0
07cf
07cf
07cc
07d7
07c6
07cd
07c8
07c3
07d1
07d5
07cd
07cf
07d7
07ca
07ce
07ca
07d2
07cf
07c6
07d6
07d5
07c5
07d3
07d2
07cd
07d8
07c6
07cc
07d5
07da
07c9
07c3
07da
07ce
07cd
07cb
07d3
07d2
07d2
07ca
07d4
07cd
07d2
07ca
07d3
07d1
07d8
07d3
07d2
07d8
07cb
07d7
07d1
07c7
07d3
07d5
07d1
07ce
07cc
07cf
07d4
07ce
07c7
07c2
07d5
07ce
07d4
07ce
07cd
07d6
07d5
07cc
07d0
07d3
07c8
07cf
07cf
07d3
07c6
07d4
07ca
07d1
07cd
07cd
07d5
07d1
07d4
07cf
07c8
07d6
07ca
07d2
07cf
07d4
07c8
07ce
07d1
07c9
07ca
07ca
07d5
07d1
07d5
07ce
07d1
07d4
07cc
07d4
07dd
07d7
07ce
07c1
07d0
07d0
07cc
07d5
07c5
07d4
07ce
07d8
07cb
07ce
07cf
07c8
07cb
07db
07ce
07ca
07d3
07c7
07c5
07d2
07cb
07cb
07da
07ce
07cc
07c3
07d4
07d4
07cd
07d4
07c7
07da
07d0
07d0
07cf
07d3
07d4
07cf
07cd
07c9
07d0
07cf
07d3
07d8
07ce
07cc
07cc
07cc
07d7
07d5
07ca
07c3
07cd
07c8
07cc
07c8
07cb
07de
07ca
07d2
07cf
07cd
07c8
07cf
07cf
07da
07cb
07cd
07d4
07cf
07d0
07cd
07bc
07ca
07ca
07cb
07cc
07c9
07d7
07d3
07d6
07d1
07dc
07d2
07d5
07d0
07cb
07cf
07d7
07d3
07cb
07cd
07d0
07d4
07da
07cf
07c9
07d4
07ce
07c9
07dd
07cd
07cd
07c6
07cd
07d6
07ca
07dd
07cb
07cc
07cf
07d2
07ce
07dd
07d3
07cd
07cc
07d9
07c8
07db
07d0
07d1
07c6
07cd
07cb
07cd
07c9
07ce
07d5
07cf
07d0
07ce
07cd
07ca
07d2
07cc
07ca
07c8
07d8
07d2
07cf
07d2
07d3
07d2
07cc
07cb
07d3
07cc
07d0
07ca
07c9
07de
07ca
07cf
07c6
07cb
07c9
07c6
07c8
07d1
07cb
07d4
07ce
07c4
07d4
07d8
07d0
07cf
07d2
07d8
07d5
07d6
07c7
07c4
07ca
07d2
07d0
07cf
07c8
07ca
07d9
07d7
07cf
07d1
07d3
07cc
07ce
07d5
07d2
07d1
07d3
07cc
07c3
07d3
07d6
07d5
07d4
07d2
07d9
07cf
07d0
07cc
07d1
07d0
07d1
07ce
07dc
07d4
07ce
07cd
07cf
07cf
07c9
07cb
07c6
07d2
07ca
07d5
07d0
07cc
07db
07cf
07cf
07c8
07d5
07cd
07cf
07cd
07ca
07d8
07cc
07cf
07c8
07d0
07c9
07c9
07d1
07cf
07c7
07cf
07cd
07c5
07d5
07d6
07cd
07cc
07ce
07c9
07c8
07cd
07d1
07db
07cf
07d5
07c2
07c1
07d6
07c2
07cb
07c2
07cd
07db
07d1
07c5
07cc
07ce
07d5
07ce
07d9
07d2
07d1
07cc
07da
07dd
07eb
07f4
0810
083f
087c
08c1
0916
0999
0a0f
0a9f
0b2e
0bc0
0c28
0c67
0c83
0c6e
0c2b
0bb3
0b36
0aa8
0a11
098b
091c
08b7
086b
0836
080d
07fa
07ed
07cd
07d7
07de
07d0
07da
07c5
07d8
07c7
07c9
07da
07d5
07d3
07cd
07d4
07c1
07d0
07da
07ce
07d0
07d1
07c7
07d4
07d2
07d7
07c5
07c4
07d1
07d7
07cd
07cd
07cc
07d3
07d4
07d3
07cb
07bf
07d6
07cb
07d4
07ca
07d5
07d3
07cd
07d1
07d3
07ca
07cb
07c7
07d9
07d0
07cb
07ce
07df
07d3
07d3
07ca
07d5
07c7
07d6
07d3
07cd
07cf
07c6
07cb
07d0
07ce
07c5
07cb
07d5
07d3
07cb
07d2
07d6
07cf
07d2
07d2
07d1
07cc
07cd
07ce
07cd
07c7
07c9
07d9
07c8
07d5
07d4
07dd
07cf
07dd
07c7
07ce
07cf
07d9
07d5
07ce
07ca
07cc
07d0
07d2
07da
07ce
07c9
07d4
07d5
07d6
07c9
07ce
07d0
07ce
07d7
07e3
0800
080e
082e
0874
08c1
0929
098d
0a15
0aa6
0b3a
0bbb
0c22
0c61
0c7d
0c60
0c31
0bb3
0b2f
0aac
0a17
098f
091f
08b9
086b
082d
080e
07f6
07e2
07d3
07e3
07ce
07cd
07d4
07ca
07c9
07d6
07dc
07cb
07d5
07bf
07d8
07c4
07cc
07cf
07d0
07cc
07ca
07cf
07d4
07be
07c7
07cf
07ce
07d0
07c9
07d1
07c9
07c7
07dc
07d4
07cd
07c5
07d8
07cf
07c9
07d0
07cc
07d7
07de
07c7
07cb
07cb
07cf
07cf
07d4
07d2
07cc
07cd
07d3
07cc
07d4
07d7
07d1
07c5
07d3
07cd
07d3
07d0
07cd
07cd
07cc
07ca
07d6
07d8
07cf
07cd
07d2
07cf
07c5
07cc
07d3
07d1
07c7
07c8
07cd
07cf
07cb
07cf
07d4
07d2
07d0
07c7
07ce
07cb
07dc
07d8
07cd
07d0
07cb
07c8
07d4
07c4
07d8
07d1
07d3
07ca
07d4
07d3
07ce
07ce
07cc
07da
07cc
07d7
07cf
07c8
07cf
07db
07d0
07d9
07cb
07cb
07cf
07cb
07c8
07d6
07c9
07d2
07cb
07cf
07d1
07d2
07c5
07c8
07c1
07c7
07d9
07d5
07d5
07ce
07d3
07ca
07cb
07cb
07d5
07d2
07c5
07cc
07ce
07cf
07ca
07cb
07cd
07cf
07c7
07ca
07d5
07d5
07ca
07ce
07d4
07d2
07d3
07dc
07cc
07c1
07dd
07c9
07d5
07cb
07ce
07d0
07d3
07d0
07c7
07d1
07cb
07cb
07cd
07ce
07cf
07ca
07d2
07ce
07d3
07d2
07cc
07d5
07c6
07c9
07cd
07d9
07cf
07d0
07d4
07d1
07d7
07dc
07dd
07d2
07d2
07dd
07c9
07e0
07ce
07ce
07d5
07cd
07d0
07d5
07ce
07d4
07cb
07d1
07cb
07ca
07d4
07c7
07d0
07c9
07ce
07d2
07d1
07d7
07cf
07c7
07c9
07d5
07cf
07d1
07d6
07d2
07d0
07d9
07c3
07d6
07c2
07d3
07d2
07ca
07d5
07d0
07d2
07cd
07d2
07cc
07d7
07d1
07d5
07d9
07cd
07d2
07d0
07d9
07cd
07ce
07d3
07ce
07cd
07cc
07cf
07ce
07cf
07d4
07d9
07d8
07c6
07d0
07d0
07ca
07cc
07cc
07cb
07c7
07dc
07cc
07c0
07c6
07d4
07c9
07cf
07cf
07cf
07d2
07cc
07c5
07c9
07ce
07ce
07d9
07d6
07d1
07d0
07d3
07d1
07c5
07dd
07d4
07d8
07e5
0805
0817
0840
087b
08bd
091c
09a4
0a34
0ac9
0b6d
0c1b
0cb4
0d44
0db4
0dfb
0e37
0e4e
0e40
0e27
0e03
0da7
0d55
0cdb
0c57
0bc2
0b23
0a86
09ef
096e
0905
08b0
0862
0839
080b
07f7
07e9
07db
07d6
07cb
07d3
07d0
07cf
07cd
07cb
07cc
07d1
07c7
07d6
07d1
07cc
07d7
07c4
07dc
07cd
07ce
07c8
07cf
07ce
07da
07cf
07d5
07d2
07d6
07c9
07d1
07ca
07d5
07d7
07cd
07c8
07cd
07ce
07d0
07cf
07c8
07d1
07d4
07de
07ca
07d5
07c4
07cf
07cd
07de
07d6
07d4
07d7
07d8
07ca
07ca
07c9
07d3
07d2
07cc
07c7
07d4
07d7
07d0
07d0
07cc
07d0
07cf
07d0
07d1
07cc
07d2
07cf
07c5
07d5
07ca
07d3
07ca
07d1
07d8
07d5
07d3
07d1
07d2
07d2
07ca
07cc
07c9
07b9
07ce
07cf
07d2
07cb
07d1
07cc
07c9
07cb
07cb
07d5
07ce
07ce
07bd
07cd
07cd
07d1
07d9
07ce
07d9
07d0
07cc
07cc
07d0
07d2
07db
07da
07cf
07d4
07d5
07d5
07c8
07d2
07d0
07c8
07ca
07d4
07cf
07d2
07da
07cd
07cf
07d9
07d9
07d2
07d3
07d1
07cb
07d2
07ce
07d7
07cd
07cf
07d1
07ce
07d6
07cf
07e0
07d0
07d0
07cc
07d8
07d2
07c4
07ca
07ce
07c8
07d2
07d5
07c7
07d3
07c8
07c7
07c9
07c7
07cd
07cd
07d5
07c9
07ce
07c4
07c7
07d3
07c8
07ce
07cc
07d0
07cc
07d1
07c7
07c9
07d9
07d5
07d5
07c9
07cd
07cd
07d9
07cd
07d1
07cb
07de
07cd
07ce
07d0
07d9
07d6
07d0
07cd
07c6
07d0
07c9
07d4
07ce
07cf
07d5
07c9
07d1
07c7
07dd
07cf
07d0
07cf
07cb
07d2
07cf
07d3
07c3
07c9
07cb
07ca
07ce
07c5
07cd
07d3
07ca
07c9
07d0
07d1
07d3
07bd
07d7
07d5
07c9
07d1
07c5
07ca
07d4
07d2
07d0
07d1
07d2
07d4
07d7
07d6
07ca
07d2
07d1
07d2
07d1
07c5
07d6
07cf
07d0
07be
07cc
07d3
07cd
07d0
07d5
07d3
07cc
07d2
07d4
07ca
07d2
07d2
07d5
07cc
07cb
07d0
07d8
07d4
07d6
07cb
07cd
07d4
07d6
07ca
07d1
07ce
07d0
07ce
07ca
07d8
07d0
07cd
07cf
07cf
07cc
07d4
07cf
07d1
07ce
07cb
07c8
07d9
07d1
07d1
07d0
07cd
07d2
07d6
07d2
07d7
07ca
07d4
07cb
07c9
07d1
07d3
07d5
07cb
07d7
07d9
07d1
07d0
07ca
07d2
07d6
07d5
07d1
07d8
07c7
07d3
07cf
07d5
07cd
07d1
07d3
07da
07ce
07d2
07d0
07d0
07d4
07d5
07cf
07ce
07ca
07cc
07da
07cb
07c8
07d3
07d1
07da
07d8
07fa
081b
083f
0875
08c0
092d
099a
0a22
0ac8
0b73
0c1c
0cb6
0d43
0da6
0e02
0e3c
0e52
0e4a
0e37
0df5
0db1
0d4f
0cd5
0c63
0bc6
0b25
0a85
09f8
0978
0909
08b2
086d
082a
080c
07f2
07f4
07de
07d3
07ca
07d7
07ce
07d0
07d4
07d7
07d6
07cc
07c7
07d2
07d1
07bc
07c8
07d9
07d1
07cd
07d1
07c7
07c9
07c9
07dc
07d4
07d1
07d5
07d1
07ce
07cc
07d9
07c9
07ce
07ce
07d2
07d0
07d6
07cc
07cd
07d0
07cc
07cd
07d0
07d7
07c2
07cb
07cf
07d3
07cc
07d3
07ce
07d4
07cc
07d6
07d6
07d1
07d6
07ce
07d6
07d4
07cd
07d0
07d0
07c7
07d3
07d5
07d2
07ca
07cd
07d3
07d1
07c7
07ce
07da
07cf
07c7
07d6
07c9
07cd
07cb
07d9
07c9
07d1
07ce
07d0
07c7
07ce
07c4
07cf
07c4
07d5
07d7
07d1
07ca
07d5
07cb
07cf
07c1
07c8
07cc
07cd
07d3
07d1
07cd
07d9
07d7
07d3
07d1
07c9
07e0
07cb
07cb
07d2
07cc
07d7
07cf
07c7
07cb
07cf
07d0
07c8
07d2
07d7
07d1
07ca
07cf
07d6
07d5
07cb
07d5
07cb
07d7
07cf
07dd
07c4
07c8
07d5
07d6
07d1
07df
07ce
07d4
07c3
07d8
07cd
07cd
07cf
07cc
07ce
07d0
07d9
07cf
07ce
07d7
07ca
07ce
07d8
07cf
07d8
07cc
07d1
07ce
07cf
07ca
07d3
07d5
07ce
07d0
07cf
07d4
07cb
07ce
07c9
07ca
07d4
07d2
07d1
07d0
07d7
07d0
07d0
07d6
07cc
07cf
07d1
07c9
07db
07d0
07cc
07cb
07d6
07d1
07ce
07cc
07cf
07d0
07c5
07d8
07d2
07cb
07d9
07d0
07c7
07d0
07d0
07d7
07d7
07d3
07c9
07d7
07d4
07cb
07c3
07d1
07cc
07ca
07d0
07cd
07cf
07ca
07ca
07ca
07c6
07d3
07cf
07d3
07c6
07d4
07ce
07cb
07d2
07de
07d3
07ca
07cc
07d7
07d3
07d7
07d2
07c5
07d0
07ce
07cb
07d7
07cd
07d4
07d2
07cb
07d6
07d6
07c9
07d1
07d0
07d2
07d6
07c9
07d3
07d1
07c5
07d1
07e4
07cb
07c4
07cc
07ce
07d0
07d2
07c5
07d3
07d4
07d6
07cc
07d1
07d3
07d1
07cd
07d0
07c7
07d1
07d2
07d3
07cc
07cc
07d9
07cd
07cd
07d1
07d2
07d9
07d2
07d8
07d0
07d4
07cf
07cc
07dd
07d0
07c9
07d3
07d9
07c8
07d2
07cf
07d1
07d8
07d3
07cd
07cb
07d6
07d6
07cb
07ca
07d3
07d6
07ce
07ca
07d7
07cb
07cf
07d1
07cd
07d4
07ce
07cb
07d1
07d5
07d8
07d5
07c8
07d7
07c8
07cf
07ca
07c9
07cd
07dc
07d7
07d0
07d3
07cb
07c5
07d2
07df
07d9
07eb
07fc
0816
083d
086f
08b9
091a
0992
0a17
0a9d
0b38
0bb6
0c28
0c60
0c7f
0c68
0c2a
0bb6
0b3f
0aa8
0a18
0995
091b
08b8
086a
083a
0812
0801
07e5
07e4
07d5
07d8
07d5
07d6
07ce
07d0
07d4
07c5
07d0
07d7
07c6
07d1
07cf
07de
07dc
07c6
07cf
07d3
07d4
07d0
07d8
07d1
07c7
07d4
07d2
07d6
07d4
07cd
07d8
07c3
07d5
07ce
07d1
07cd
07d1
07d5
07c7
07c8
07ce
07d3
07c9
07d0
07d8
07ca
07c9
07cb
07df
07d1
07cc
07d5
07cd
07cf
07cf
07d0
07d9
07ce
07cb
07ca
07d2
07d4
07d0
07d8
07cc
07cb
07db
07d6
07c2
07d5
07d5
07d5
07cf
07cc
07ca
07d4
07cf
07dd
07c0
07ca
07d0
07dc
07cc
07d0
07cf
07da
07c3
07db
07cd
07c4
07c5
07c9
07da
07d5
07cb
07cb
07cc
07ce
07cb
07d2
07d1
07d1
07d5
07cd
07d3
07d3
07d3
07d1
07ca
07c8
07c8
07d4
07cc
07d3
07cf
07cc
07cb
07cc
07d9
07d3
07c4
07c9
07d8
07c7
07d3
07ce
07c4
07d4
07ca
07d1
07d2
07d3
07ce
07ce
07cd
07c6
07ca
07c7
07cd
07d4
07cc
07ce
07cc
07cc
07c8
07cb
07c9
07c7
07cb
07d8
07d4
07cc
07d8
07d3
07c8
07d1
07d4
07d3
07d1
07cc
07ce
07cd
07d4
07d3
07ce
07c9
07d7
07d3
07da
07d3
07d0
07d4
07d2
07d8
07d6
07c4
07c6
07d6
07cb
07d1
07d7
07da
07d2
07cd
07d1
07d0
07d1
07d2
07cb
07d3
07da
07d9
07ef
07f0
0815
0833
0876
08bd
0920
0992
0a1b
0aae
0b39
0bb7
0c23
0c6e
0c7c
0c6e
0c28
0bb7
0b36
0aa6
0a1c
0998
091a
08c1
0867
083b
0816
07fb
07eb
07d8
07d4
07d2
07cb
07d1
07c5
07d8
07c9
07cf
07cc
07c8
07d3
07ca
07da
07dd
07d1
07c3
07ce
07cf
07d5
07c3
07ce
07ce
07cf
07d4
07d7
07c5
07d2
07c3
07c9
07d6
07d2
07d0
07cf
07c6
07d5
07d3
07cc
07cf
07d0
07d4
07e3
07d0
07c5
07d5
07cf
07d7
07ce
07d6
07c6
07d3
07cb
07cd
07cd
07d6
07c9
07d3
07da
07d2
07ce
07c6
07d6
07d3
07d6
07cf
07d8
07c9
07ca
07d9
07cf
07c6
07cf
07db
07de
07c8
07d6
07c7
07cf
07d4
07d1
07d0
07d1
07db
07d7
07d5
07d8
07c9
07d2
07d4
07d3
07cd
07c5
07c7
07cc
07c6
07cf
07cd
07cc
07d4
07c5
07c7
07d4
07ca
07ce
07ce
07d8
07ca
07ce
07c8
07d4
07d7
07c4
07d5
07d9
07c9
07d8
07d0
07c1
07d7
07d1
07c8
07d4
07cb
07d1
07d5
07c8
07d4
07cb
07ca
07d3
07cb
07d0
07d5
07c5
07d4
07d5
07d2
07cf
07d2
07d2
07d4
07c9
07ca
07ce
07cc
07cf
07d2
07cf
07cf
07cc
07c8
07ce
07d0
07d3
07dc
07ce
07d3
07d9
07d6
07e0
07d6
07d0
07d7
07d1
07c9
07d0
07d5
07d7
07d0
07dc
07db
07ec
07fc
0815
083a
0871
08c0
0920
098e
0a11
0aa0
0b35
0bb4
0c26
0c59
0c79
0c69
0c20
0bb3
0b2f
0aa4
0a23
0991
0919
08ba
0871
0840
0815
07fa
07ec
07df
07dd
07d5
07d7
07d8
07ce
07d9
07cf
07cb
07cd
07d7
07ca
07d5
07c9
07c9
07d6
07d6
07da
07c9
07cb
07d5
07cc
07d6
07c9
07ca
07d3
07cd
07c4
07cb
07d7
07c8
07cf
07d1
07c8
07ce
07cf
07cc
07db
07cc
07d1
07cb
07c3
07d0
07c5
07cc
07c9
07c7
07c6
07d3
07c7
07d9
07d4
07dd
07c2
07ca
07ce
07cf
07d8
07d3
07d6
07d9
07c0
07d7
07cd
07d0
07cf
07d0
07cf
07cc
07c7
07e4
07ce
07ce
07c6
07cc
07c6
07d3
07d2
07d4
07cd
07c9
07d0
07d0
07cf
07c8
07cb
07d7
07d6
07d4
07c9
07cb
07cb
07cb
07d3
07cb
07ce
07cc
07d7
07ce
07d2
07d3
07cc
07d4
07d7
07cd
07d0
07d8
07d4
07d8
07d1
07ce
07ec
07ef
0818
083e
086f
08be
0913
098a
0a1e
0aa9
0b38
0bb9
0c29
0c64
0c74
0c68
0c21
0bb8
0b31
0aa7
0a16
0990
0921
08c1
0879
0832
080d
07f3
07e7
07e4
07da
07c6
07ce
07cd
07d6
07cb
07d3
07d5
07c8
07c9
07c8
07d1
07d0
07ca
07ce
07d0
07cd
07da
07d2
07cf
07d5
07cb
07d8
07ca
07d4
07df
07cb
07cd
07c5
07c8
07c9
07d3
07cf
07ce
07cc
07d1
07d0
07cb
07cb
07cc
07da
07ca
07c8
07cc
07ca
07c4
07cc
07c2
07d2
07c5
07d1
07d9
07d0
07d5
07cf
07da
07e3
07d5
07d0
07cd
07c5
07c9
07d8
07d5
07c8
07d1
07d6
07cc
07d8
07be
07ca
07cf
07cc
07cb
07db
07cf
07cc
07ce
07dd
07ce
07d2
07c9
07cd
07dd
07d4
07cc
07ce
07d9
07c4
07ce
07d4
07ce
07d6
07d0
07d0
07c3
07db
07d0
07ce
07c9
07c9
07ce
07cd
07c7
07d3
07cc
07d6
07d6
07cb
07d9
07d9
07c7
07db
07d8
07c9
07d4
07d6
07d1
07d2
07d1
07d1
07c6
07c3
07d5
07d7
07d0
07d2
07ce
07ca
07d4
07ca
07d4
07d1
07d6
07ca
07cc
07c4
07c7
07cf
07cf
07cd
07d0
07e1
07cd
07d4
07d6
07d0
07ce
07cc
07ce
07ce
07d0
07c7
07cb
07ce
07d4
07cd
07cd
07d7
07d4
07c9
07d8
07c9
07ca
07cc
07df
07d1
07d0
07d4
07d3
07cb
07cc
07cf
07d9
07d7
07de
07c8
07d5
07cf
07cf
07c8
07d7
07d9
07ce
07c3
07cf
07d5
07c8
07d2
07c9
07d5
07cc
07cd
07cf
07d8
07cf
07d5
07ca
07c8
07ce
07cb
07c7
07d5
07d5
07ce
07ca
07dc
07cb
07d5
07c9
07c9
07d3
07d1
07cb
07d1
07c8
07d9
07d7
07c6
07c1
07d1
07d2
07cf
07cd
07d2
07d0
07d9
07d1
07d6
07d4
07ca
07d8
07c5
07cd
07c5
07d1
07c8
07d1
07cd
07d0
07d5
07d9
07c7
07cc
07dc
07cd
07cf
07ce
07c8
07d8
07d5
07cb
07d0
07d1
07d3
07ca
07dd
07d7
07cd
07cb
07d7
07c8
07d6
07da
07cb
07ca
07d2
07c9
07d6
07d3
07cb
07dc
07cb
07cc
07d4
07d2
07cb
07d3
07d6
07cb
07d1
07d0
07d1
07ca
07cf
07cb
07d7
07d2
07c2
07d1
07ce
07cf
07d8
07cd
07cf
07cb
07d9
07d1
07db
07d1
07de
07d2
07db
07d2
07d9
07cc
07d4
07d4
07d6
07cf
07cc
07d3
07cd
07cf
07ca
07d4
07c0
07bf
07d3
07d7
07d3
07d3
07d2
07cc
07c7
07c7
07cd
07cb
07ce
07d5
07d9
07cc
07cb
07cb
07d3
07d0
07ce
07d0
07d7
07d1
07d8
07d1
07d3
07d3
07d3
07cc
07d5
07cf
07ce
07db
07d1
07d3
07d9
07d0
07d9
07cc
07ca
07c6
07d1
07d5
07d8
07d6
07d5
07d1
07d1
07d4
07d6
07ce
07cd
07d0
07d3
07d4
07cc
07cc
07c8
07d1
07d6
07d0
07d4
07d0
07c8
07d1
07d4
07d0
07d7
07d6
07cc
07d1
07ce
07d5
07cf
07cf
07d4
07d9
07d8
07d0
07d2
07d0
07be
07c9
07cb
07ca
07d5
07c6
07c4
07c5
07d3
07d4
07d8
07c8
07c8
07d5
07d2
07c9
07ca
07c9
07d1
07ce
07c5
07d2
07d4
07d3
07ca
07c9
07c9
07d3
07dd
07d5
07d4
07da
07ce
07d2
07cf
07cd
07d1
07d4
07cd
07d0
07d4
07ca
07ce
07c5
07c9
07d4
07ce
07ce
07d3
07c7
07d0
07c7
07d4
07c8
07d0
07d8
07dd
07d1
07ce
07cf
07cd
07cc
07c8
07cf
07cf
07cc
07cd
07d2
07da
07d9
07d6
07cd
07ce
07d6
07db
07cf
07c4
07d5
07d2
07ca
07d1
07cf
07d3
07cf
07d3
07ce
07d2
07cf
07cf
07ca
07cc
07cf
07ca
07ce
07c8
07d2
07d3
07d1
07d2
07d1
07d2
07c6
07cf
07da
07ca
07d1
07d2
07d3
07d1
07d0
07cc
07d7
07cd
07cb
07c8
07cb
07d6
07da
07cd
07cf
07ca
07d2
07cd
07cf
07cb
07c4
07cb
07d3
07d3
07c9
07d2
07cd
07ce
07ce
07d2
07da
07cf
07d8
07c9
07d8
07c8
07cb
07cb
07ca
07ce
07d8
07c4
07d0
07cc
07d3
07c4
07db
07d6
07ca
07d8
07cf
07ce
07d6
07d8
07cc
07c7
07c7
07d3
07d3
07d0
07ca
07d6
07cd
07cd
07d7
07c4
07cf
07d0
07ce
07cb
07d2
07c6
07ce
07c9
07db
07d2
07d1
07cd
07c5
07d6
07ca
07cd
07c9
07cf
07d1
07d9
07d8
07d0
07ce
07d0
07d5
07d8
07ce
07d2
07da
07d7
07d4
07c4
07d0
07cd
07d2
07d1
07cf
07d0
07c9
07d1
07cc
07cc
07d0
07d3
07d0
07d0
07cd
07d5
07c5
07df
07d2
07cf
07d2
07cf
07c2
07cc
07d6
07d1
07d4
07d3
07d0
07c9
07c6
07d0
07d0
07d4
07ca
07cc
07ce
07d7
07c8
07d4
07c4
07d4
07d3
07cf
07d3
07d3
07cd
07de
07e5
07e7
0801
0812
0837
0877
08bb
092d
0983
0a17
0aa8
0b38
0bb2
0c16
0c65
0c7f
0c5e
0c25
0bb8
0b37
0aaa
0a16
0998
0920
08bc
0877
0841
080c
07f7
07e8
07e3
07e2
07da
07cf
07d0
07d4
07df
07ca
07cd
07ca
07cf
07c9
07cc
07d3
07d4
07d3
07d3
07cd
07d9
07d8
07d3
07d3
07d8
07cf
07c9
07ca
07ce
07d7
07d2
07d0
07c9
07d1
07df
07d4
07d0
07d0
07d2
07c9
07d0
07d0
07d1
07ce
07ce
07cd
07d5
07d7
07d5
07cc
07d0
07d5
07c5
07dc
07d3
07d7
07c7
07d0
07db
07d3
07cb
07cc
07cf
07ca
07d0
07dd
07cf
07d1
07cb
07d0
07cd
07d1
07c4
07c9
07d6
07d1
07cb
07c9
07cb
07d3
07d3
07d0
07d6
07d1
07da
07c8
07d7
07cd
07ce
07d3
07c8
07c9
07d1
07ce
07d1
07d3
07c7
07d6
07db
07d7
07ca
07da
07c9
07d5
07ca
07d1
07d3
07d5
07ce
07cf
07cf
07cd
07d3
07c5
07cc
07cd
07c9
07c9
07d8
07de
07d0
07d3
07d5
07d2
07cf
07d2
07ce
07d6
07cd
07c5
07cb
07cd
07d4
07d1
07d4
07d0
07d5
07d0
07d5
07c7
07dc
07de
07ce
07cf
07ce
07cd
07d8
07cb
07d0
07d4
07d5
07dc
07e7
07e4
07fb
0816
0848
0871
08b9
0922
0986
0a1d
0aae
0b40
0bc5
0c25
0c67
0c7a
0c66
0c24
0bb9
0b31
0aad
0a13
0992
091d
08c7
086e
082d
0814
07fd
07e1
07e1
07cf
07d4
07d5
07da
07cb
07cf
07cb
07cf
07d2
07c5
07d0
07d7
07d4
07d6
07cf
07cf
07cd
07ce
07d4
07d6
07d5
07cf
07db
07da
07d8
07d0
07ce
07d0
07d1
07ce
07d0
07c8
07cc
07cf
07d4
07d2
07c7
07c7
07cd
07d5
07d6
07d0
07d1
07d8
07ca
07da
07cc
07c6
07cf
07d4
07d3
07c8
07d2
07d2
07c6
07cd
07d1
07d0
07cd
07c0
07d4
07d1
07d1
07c6
07d7
07d0
07ca
07d5
07d0
07c8
07cb
07d7
07d0
07d9
07d2
07d2
07ca
07c4
07cf
07d2
07d7
07d2
07d3
07d4
07c5
07c3
07d7
07d0
07e1
07db
07ea
0802
080b
0837
0881
08c3
0924
09a0
0a21
0ad1
0b76
0c17
0cb6
0d40
0dae
0df8
0e2d
0e4d
0e46
0e24
0df0
0db6
0d55
0cda
0c54
0bbe
0b23
0a85
09f9
097c
0909
08b1
0876
0832
080d
07f2
07e3
07df
07d6
07db
07da
07d7
07c7
07d7
07d3
07c5
07d3
07cd
07d2
07cb
07ca
07d3
07d1
07d2
07cd
07c6
07cc
07c4
07cd
07d1
07cf
07ce
07ce
07d1
07d1
07d2
07cd
07cf
07ce
07ca
07c7
07d4
07d1
07d0
07d5
07d1
07c6
07d2
07ca
07ca
07e3
07ca
07d1
07ce
07ca
07c9
07d0
07d8
07d7
07d6
07c1
07d3
07d9
07da
07c9
07d7
07d0
07ca
07d3
07c7
07c7
07c6
07d1
07c8
07d9
07da
07ce
07c3
07d0
07d3
07d2
07d2
07d7
07cf
07bf
07d5
07c7
07d4
07d9
07ce
07cb
07d8
07d5
07ce
07d1
07cb
07c9
07d0
07cd
07da
07d5
07ce
07cc
07d7
07d6
07ce
07ce
07d7
07c6
07d3
07cc
07c8
07d7
07d2
07dc
07cd
07c9
07ca
07d4
07d1
07c8
07d5
07dd
07d2
07d3
07d7
07d5
07cd
07ce
07d2
07d1
07d4
07c3
07d0
07d0
07ca
07cc
07c9
07c5
07d3
07d2
07d7
07d1
07cc
07d3
07cf
07d1
07cf
07d4
07d9
07cb
07cb
07d6
07c7
07cc
07d1
07d9
07d0
07cd
07cb
07d4
07d7
07d2
07cf
07d0
07d3
07c5
07cd
07dd
07d0
07c8
07ce
07c6
07d9
07ce
07d8
07d5
07cb
07d0
07d4
07d4
07d4
07cf
07cd
07cf
07d5
07d9
07cb
07c8
07cc
07d7
07d6
07d1
07d2
07d5
07d4
07cc
07c7
07cd
07d1
07db
07cf
07c6
07e0
07ce
07d0
07d0
07d5
07d4
07c7
07d3
07cf
07d2
07cd
07d2
07d4
07dd
07db
07cf
07cc
07cc
07c7
07c7
07ce
07cc
07d3
07cf
07d4
07cc
07ea
07e4
07ee
081e
0836
0875
08c8
091f
09a1
0a29
0ac9
0b79
0c1f
0cb8
0d3d
0da6
0df9
0e32
0e4f
0e4b
0e36
0df5
0db3
0d59
0cd8
0c56
0bc0
0b2d
0a89
0a04
0968
0905
08ae
0864
0836
080b
07f0
07e3
07dc
07da
07d6
07cf
07d5
07d1
07cf
07cf
07d0
07c8
07da
07ce
07d8
07c8
07c8
07c9
07d5
07cf
07c7
07d5
07c9
07d2
07cc
07cc
07c4
07cb
07d4
07d1
07cf
07cd
07c6
07bf
07d3
07d0
07cb
07c9
07cf
07d8
07d0
07d6
07c5
07d6
07cf
07c9
07d4
07d6
07c8
07d9
07c3
07ca
07c7
07d4
07df
07d8
07ce
07cc
07d9
07cf
07ca
07ca
07cf
07cb
07cc
07cc
07ce
07d5
07c4
07c6
07d9
07d5
07cd
07d7
07d4
07d5
07d4
07d5
07d5
07d5
07d0
07cb
07c7
07da
07ce
07d5
07cd
07d1
07d5
07d6
07cd
07d0
07d2
07d0
07d3
07d5
07ca
07ca
07cb
07d8
07cf
07d4
07cc
07c8
07ca
07cd
07c7
07ca
07e1
07d6
07ca
07d1
07cc
07d2
07ce
07d1
07cd
07d6
07d2
07d4
07ce
07e1
07c7
07ca
07c7
07d3
07d2
07d9
07d8
07cf
07ce
07d1
07d3
07d6
07d1
07cb
07d1
07e4
07d4
07cd
07d1
07db
07ce
07c8
07c7
07d2
07d3
07cd
07cf
07d4
07c7
07d3
07c7
07cb
07c9
07ce
07c6
07ce
07da
07d3
07d3
07c9
07c8
07cb
07d4
07c5
07d2
07d1
07d4
07d8
07d5
07c9
07cb
07d6
07d1
07d0
07cd
07cf
07d6
07d8
07cc
07d5
07cb
07d4
07d4
07d5
07db
07d7
07d1
07c9
07cc
07c7
07cc
07cd
07d7
07cb
07cf
07d3
07d7
07cd
07d7
07ca
07ce
07d2
07d2
07c8
07d7
07ca
07d7
07c9
07d6
07d1
07d5
07cd
07ce
07c7
07cc
07c9
07ce
07d4
07c7
07d9
07d5
07c7
07d4
07d1
07cb
07cf
07cc
07ce
07c9
07cb
07cd
07ca
07c8
07cb
07d2
07ce
07c9
07d1
07cd
07cc
07cd
07da
07ce
07c7
07d0
07d3
07cd
07d2
07d2
07d3
07ca
07dc
07da
07ce
07c9
07cb
07ca
07d1
07d0
07c7
07d9
07d1
07cc
07c6
07d4
07cc
07d0
07cd
07d3
07c4
07d7
07c8
07d8
07ca
07cd
07d5
07cf
07d7
07d9
07d3
07cf
07ce
07cc
07d3
07da
07cf
07d0
07cd
07c9
07d2
07d7
07ce
07cc
07ce
07cb
07ca
07cf
07bf
07d2
07cf
07c9
07c5
07c8
07cd
07d2
07c8
07cb
07cb
07cb
07ce
07d8
07d1
07cb
07c9
07ce
07cb
07d2
07d0
07c2
07bc
07ce
07c9
07c6
07c4
07d8
07cc
07d0
07d9
07d2
07ce
07cd
07cb
07d1
07cd
07d6
07cd
07cc
07cc
07d2
07d5
07d1
07c4
07c9
07c7
07d3
07da
07d7
07d5
07cd
07d1
07c9
07d0
07d2
07d3
07c9
07d0
07d9
07d5
07cf
07d3
07d5
07d0
07d3
07cf
07d0
07d7
07d4
07c9
07cf
07d1
07d1
07d1
07d7
07cb
07d7
07cd
07d4
07cb
07d4
07d6
07c6
07d4
07cd
07d3
07cb
07cd
07cd
07ca
07da
07d0
07d0
07d6
07cb
07cc
07d2
07d3
07c8
07ce
07cf
07cf
07c3
07c9
07ce
07c7
07ce
07cb
07d8
07d4
07d2
07d4
07cf
07ce
07d8
07c6
07c7
07d6
07d5
07da
07d2
07da
07d3
07d5
07cc
07cf
07d0
07ce
07d1
07d2
07d6
07d8
07d7
07ca
07d8
07ca
07d3
07d3
07c9
07d1
07dc
07cc
07c5
07ce
07d3
07d2
07cb
07cc
07cb
07cd
07cc
07d5
07ca
07d5
07cd
07d6
07cb
07c5
07d2
07d0
07c4
07cd
07c6
07d0
07d1
07d2
07d2
07cd
07d5
07d4
07dc
07d6
07cf
07ca
07cd
07d5
07d3
07cc
07ca
07cc
07d5
07d6
07d4
07ca
07d5
07cf
07d3
07d2
07ce
07cd
07cf
07c8
07d5
07cf
07d3
07d1
07d1
07cf
07cd
07c8
07bc
07d7
07c9
07d0
07cc
07d0
07d6
07c9
07d7
07d3
07d2
07ce
07d5
07ce
07cb
07ce
07da
07d1
07cd
07c7
07cc
07c4
07d6
07d8
07dd
07e8
07f2
0815
0843
0875
08b9
091f
0985
0a0f
0aa9
0b34
0bb1
0c24
0c65
0c88
0c6b
0c16
0bb6
0b37
0aab
0a1d
0999
0914
08ba
086b
083d
081c
07fa
07e6
07d6
07d3
07d7
07d0
07db
07cb
07c8
07c9
07ce
07c9
07c2
07ca
07de
07ce
07c8
07ca
07cb
07d8
07cc
07e4
07d5
07c4
07d4
07cf
07c4
07d4
07cb
07c6
07da
07d6
07ce
07ce
07ca
07ce
07d5
07d2
07d8
07d2
07db
07d8
07cf
07c8
07b9
07d6
07cc
07cb
07cd
07ce
07cb
07c4
07c8
07c8
07db
07cf
07d6
07cc
07cd
07c6
07d8
07cd
07cb
07c7
07d3
07cc
07d2
07c9
07cf
07d1
07d3
07d6
07c9
07d4
07c6
07c7
07cf
07d8
07d0
07c9
07d1
07d1
07d4
07d6
07d9
07d3
07cd
07cf
07d2
07cd
07cd
07ce
07de
07c6
07d2
07c4
07d3
07c6
07d4
07cb
07cd
07d8
07d1
07c6
07cc
07d1
07cf
07d0
07cf
07c7
07c9
07cb
07d8
07d8
07d2
07d0
07ce
07c9
07d7
07d2
07c9
07ce
07cf
07d2
07ce
07cb
07d2
07c7
07d4
07cb
07dd
07cf
07d9
07d5
07cd
07d2
07cd
07cd
07d5
07ca
07ca
07d0
07db
07d4
07c1
07d4
07d0
07d7
07cf
07d2
07cb
07d1
07d1
07c4
07cb
07cf
07cb
07d2
07d6
07cc
07cb
07d5
07ce
07cf
07ce
07d3
07c8
07dd
07d0
07cd
07cd
07cc
07d3
07d4
07d6
07d8
07d1
07d3
07d3
07cc
07c9
07dd
07d1
07d0
07cd
07d4
07d3
07cd
07c6
07cd
07c9
07c0
07d7
07c9
07c7
07d3
07ce
07d2
07d3
07d2
07c2
07cd
07d5
07c6
07d1
07c5
07cb
07c8
07c7
07cf
07d3
07d0
07d8
07ca
07cf
07d1
07d5
07cb
07ce
07ce
07cc
07d6
07d0
07d3
07d0
07c9
07d9
07cf
07cf
07ce
07d0
07c6
07da
07c7
07d4
07cc
07ce
07c8
07d7
07d4
07c5
07ce
07cf
07cb
07dd
07cc
07d3
07d0
07d0
07d1
07d1
07d0
07d1
07d3
07cc
07cc
07d7
07cc
07c9
07d3
07c9
07c8
07cf
07cd
07da
07d2
07d2
07d2
07d0
07cd
07c7
07ce
07d6
07d4
07cb
07de
07ce
07cf
07d5
07cb
07cc
07cd
07d2
07d7
07d1
07ce
07d0
07d1
07cf
07d1
07c9
07ce
07cf
07d0
07d0
07d1
07cf
07cc
07c9
07cc
07c9
07d4
07c6
07cf
07ca
07c9
07c8
07d2
07d0
07d6
07c6
07cf
07d2
07cf
07d5
07c6
07ce
07e0
07cd
07d2
07d0
07c7
07cd
07d6
07cc
07ca
07d3
07d5
07c5
07d7
07ce
07cd
07ca
07d1
07d8
07cf
07c5
07d0
07c9
07cd
07d4
07cf
07d1
07d2
07d1
07cc
07d2
07d0
07cc
07da
07d7
07d4
07e7
07e2
07f1
0816
083d
086c
08bc
091e
0993
0a14
0aa8
0b43
0bbe
0c2c
0c6f
0c81
0c6e
0c25
0bc0
0b39
0aad
0a1b
098b
0926
08b5
0876
0837
0819
07f9
07f4
07d0
07d1
07d2
07da
07d0
07d8
07d5
07c7
07ce
07d0
07d4
07d2
07d1
07c6
07d1
07d0
07cd
07ce
07ce
07d0
07d3
07d5
07d1
07d3
07c9
07d6
07d6
07cf
07d5
07cd
07d0
07cc
07d2
07d8
07d3
07d5
07d3
07cd
07cc
07c8
07ca
07d8
07c9
07d3
07c9
07d0
07cc
07cc
07cd
07c8
07cf
07d7
07c9
07ca
07d5
07cd
07d5
07d3
07c9
07cc
07db
07d1
07cf
07d5
07d6
07d0
07d3
07d1
07d3
07bf
07d3
07da
07d0
07d9
07c6
07d0
07d0
07d5
07d4
07c4
07d2
07ca
07c8
07cd
07ce
07cb
07d8
07d3
07c7
07d7
07cd
07cc
07d5
07c1
07d4
07d3
07d2
07d1
07d3
07cc
07cb
07cf
07d0
07c5
07c7
07d4
07cb
07be
07c9
07d9
07c8
07cc
07cc
07cf
07d7
07d2
07cc
07cf
07d1
07cf
07cf
07d7
07d1
07cc
07cf
07da
07d3
07d1
07cb
07d2
07cb
07c8
07cb
07d6
07d4
07c7
07c8
07ce
07db
07d0
07cc
07d2
07cc
07cb
07d9
07ca
07d2
07ce
07d1
07ca
07d2
07c6
07cf
07d6
07cd
07cb
07d3
07cd
07d5
07d0
07ce
07ce
07d2
07c9
07d4
07d2
07d2
07d9
07c8
07d1
07be
07cb
07d3
07cc
07cc
07c9
07d5
07d0
07d5
07cd
07d4
07c9
07d0
07d1
07c7
07d1
07d0
07d8
07d2
07c0
07ce
07c9
07d0
07d9
07d3
07ca
07d4
07d0
07d1
07d5
07d6
07d5
07cb
07cf
07d9
07ce
07cf
07dd
07d0
07d6
07cc
07d9
07cf
07d3
07d6
07cc
07ce
07cc
07d3
07cf
07d5
07ce
07cf
07d7
07c9
07d0
07da
07cf
07cf
07cd
07c9
07c3
07ce
07cb
07c1
07cd
07d8
07cd
07cd
07da
07ce
07c9
07d6
07ce
07c6
07c7
07cb
07d6
07c8
07ce
07d6
07ce
07d6
07d2
07d3
07d2
07cd
07d6
07ce
07d0
07d2
07d4
07c8
07cd
07c9
07c7
07c9
07ca
07ce
07c9
07cd
07d0
07d2
07cc
07d3
07cb
07d2
07d5
07cb
07d3
07cc
07cb
07d1
07ce
07d1
07d4
07c9
07ca
07d3
07d2
07cd
07d1
07c6
07d8
07c6
07d8
07cb
07d1
07d1
07d1
07cf
07ca
07d4
07cd
07d3
07cc
07cd
07d4
07cb
07d0
07ce
07cd
07c9
07ca
07de
07d7
07d2
07d3
07d5
07d8
07d6
07d1
07cc
07d2
07d1
07d0
07d0
07d3
07d8
07ce
07d2
07d8
07d2
07c4
07c9
07d6
07d3
07c5
07cf
07c8
07cb
07ce
07c6
07cc
07cc
07d1
07cc
07ce
07da
07d8
07d4
07eb
07fb
0809
0831
0877
08b8
0914
0999
0a19
0aa7
0b32
0bc0
0c26
0c64
0c7a
0c65
0c25
0bb7
0b3c
0a9f
0a19
0995
0923
08c0
086b
0836
0818
07f0
07dd
07e1
07dc
07d0
07d4
07dc
07ce
07d1
07ca
07c5
07ce
07d2
07da
07cc
07d6
07d6
07ce
07cf
07d0
07dd
07cd
07d6
07d2
07cf
07d3
07ce
07d4
07dd
07c6
07d1
07c9
07ce
07cd
07d8
07c5
07dd
07c7
07cc
07d5
07d0
07ca
07d1
07ba
07c9
07cd
07d1
07ca
07dd
07d0
07cd
07d1
07d4
07d2
07db
07dc
07cf
07cd
07d4
07d1
07d2
07d0
07dc
07cd
07c9
07c9
07cf
07cf
07cb
07d7
07d1
07ca
07d0
07c3
07cc
07d5
07c7
07d3
07cb
07d8
07d5
07cd
07c5
07cd
07d2
07cf
07d5
07d5
07d6
07c3
07d0
07c7
07d5
07dd
07c9
07ce
07d5
07d1
07cb
07d2
07d2
07c8
07d8
07d6
07d1
07d8
07cb
07d6
07d6
07d9
07cf
07d0
07e3
07e3
07fd
081b
083c
0869
08b8
091c
099c
0a29
0ad3
0b77
0c18
0cb1
0d30
0daa
0df5
0e35
0e50
0e3a
0e35
0df4
0db8
0d50
0ce2
0c53
0bc8
0b27
0a84
09f9
0975
0902
08ab
085e
0836
080e
07ee
07de
07da
07db
07d0
07cc
07cb
07c8
07ce
07c2
07d0
07ce
07d4
07cd
07c8
07ca
07d8
07c9
07d2
07cb
07cf
07cd
07d4
07cf
07d2
07d2
07db
07d2
07cf
07ca
07d2
07c6
07d3
07cc
07d6
07d1
07d1
07d9
07cb
07cc
07cf
07ca
07d7
07c0
07cb
07ce
07ce
07d4
07cf
07c9
07cc
07d9
07d5
07d8
07d0
07c6
07d9
07c8
07ce
07d2
07ca
07cb
07c6
07db
07d7
07ca
07c7
07d1
07d4
07cf
07c9
07ce
07cd
07cb
07d6
07c5
07d0
07c8
07cf
07c6
07c9
07d7
07c8
07dd
07d0
07d1
07ca
07d3
07d8
07d7
07cc
07cf
07ca
07dd
07d0
07c8
07d2
07ce
07c7
07d0
07c3
07d3
07c9
07d3
07dd
07cc
07ca
07ca
07cb
07d0
07cb
07d1
07d3
07c8
07d2
07d9
07d5
07d0
07d4
07d4
07d3
07ca
07d0
07c6
07c8
07d4
07ce
07cd
07c7
07ce
07ca
07d1
07cf
07c5
07cf
07c5
07c5
07d2
07cd
07cc
07d3
07d4
07d9
07c8
07cc
07d4
07ce
07db
07d2
07d6
07d2
07c5
07cf
07ca
07dc
07d5
07d8
07d4
07dc
07ce
07cf
07c4
07cf
07d4
07d9
07d7
07d0
07d0
07cb
07cd
07ca
07c7
07d2
07d7
07d2
07ce
07cd
07c9
07ce
07cb
07da
07bf
07d8
07c6
07cf
07cc
07d4
07cf
07d9
07d4
07d6
07d0
07d5
07db
07ca
07ca
07c1
07cf
07c6
07cb
07d6
07d3
07cf
07d0
07d4
07c8
07d0
07c6
07d8
07cd
07c0
07db
07d6
07ce
07c8
07d4
07d2
07c9
07cc
07ce
07d3
07d0
07d2
07d9
07d2
07c9
07d0
07d7
07c6
07d6
07d4
07cc
07d2
07d5
07d3
07ce
07d0
07ce
07db
07ca
07d1
07d1
07cd
07ce
07d5
07d6
07d0
07d8
07d0
07c3
07c8
07d0
07c9
07cc
07cc
07d0
07d1
07d0
07d1
07ce
07bd
07cd
07cc
07cf
07c6
07cb
07d4
07ca
07be
07cd
07ca
07d3
07df
07d6
07c5
07cc
07d3
07d5
07d0
07d3
07d1
07d3
07ca
07cd
07c5
07cf
07cd
07ca
07d6
07c3
07c2
07d1
07cc
07c1
07cd
07cc
07ce
07d3
07cb
07d1
07df
07d0
07ce
07d3
07cb
07c9
07cd
07d4
07d4
07cd
07c5
07cd
07d5
07cf
07d0
07c9
07d6
07c5
07d1
07d6
07d0
07d2
07ce
07d7
07d7
07ce
07cd
07cd
07cf
07db
07d2
07d5
07c4
07c9
07d1
07d5
07d5
07d0
07d2
07cb
07ce
07c9
07da
07cc
07d5
07cf
07d4
07c9
07d5
07d8
07ca
07d2
07c7
07cd
07cd
07ce
07d1
07d3
07e2
07d1
07dd
07d8
07d4
07db
07d2
07da
07d6
07cc
07c4
07da
07cc
07cd
07dc
07d1
07cc
07c6
07d0
07cf
07cd
07cc
07d3
07cd
07d7
07d0
07df
07c9
07ce
07d1
07d2
07d5
07d1
07d0
07d9
07ce
07d3
07d5
07cd
07d1
07d0
07cd
07c5
07cc
07d6
07d8
07d7
07c7
07d2
07d3
07cc
07c9
07d9
07d6
07d1
07d6
07d4
07cb
07d7
07c2
07dd
07d5
07d3
07d5
07d2
07d4
07d2
07d1
07d9
07cf
07cb
07c5
07d2
07d2
07cd
07d9
07d1
07cd
07c7
07c7
07cb
07d1
07d0
07d0
07d1
07cf
07d0
07d4
07d1
07d2
07cd
07c5
07c6
07cf
07d2
07c4
07d8
07c8
07ce
07db
07cb
07d8
07d2
07d1
07d4
07ce
07d6
07d2
07d2
07ca
07d5
07db
07d0
07cf
07d1
07d1
07cb
07d3
07d2
07c6
07d6
07ce
07d1
07cf
07db
07ce
07d9
07d5
07cb
07d4
07dd
07d3
07d3
07d7
07c4
07d0
07ca
07c2
07ce
07c9
07cc
07c8
07d5
07c4
07d3
07d1
07d2
07d4
07c9
07c9
07d7
07db
07d5
07d0
07d3
07d8
07d7
07c8
07c9
07da
07cd
07ce
07dc
07d4
07dd
07ca
07d5
07c4
07d7
07d0
07d2
07c6
07dc
07d0
07d4
07c4
07d0
07d1
07d8
07cf
07d0
07cd
07d4
07cf
07d6
07d0
07c9
07cf
07d2
07d5
07d7
07c4
07cd
07ce
07d2
07d3
07cc
07d0
07d2
07d7
07de
07d5
07d3
07d3
07c8
07d4
07c4
07c4
07c8
07c9
07d6
07ce
07cd
07d8
07d6
07d5
07d0
07cc
07ca
07cf
07ca
07c5
07c9
07d7
07cb
07d0
07cb
07cf
07cb
07c8
07d0
07d3
07c8
07cf
07ce
07d1
07dd
07d6
07d0
07d2
07ca
07d5
07cb
07cd
07cf
07c9
07c8
07c4
07cf
07d6
07cf
07c7
07c9
07d5
07de
07d7
07c9
07ca
07d5
07cf
07ca
07d6
07d3
07cd
07cc
07d0
07cf
07cf
07cc
07cb
07e1
07ca
07cc
07cd
07d1
07d1
07ca
07c7
07c4
07cf
07d0
07cb
07d2
07d7
07ce
07cf
07d3
07c8
07ce
07cf
07d2
07ce
07d3
07d1
07c9
07c9
07cf
07c5
07d3
07d7
07c7
07c4
07d9
07d9
07d1
07d2
07cc
07d6
07c4
07d3
07d0
07c5
07d4
07d0
07d2
07db
07cc
07ce
07ca
07cc
07cf
07db
07d2
07dc
07cd
07c5
07d3
07cf
07d9
07ca
07c7
07c5
07ce
07d1
07d2
07d2
07d0
07cb
07d9
07d5
07d6
07d7
07c5
07d4
07ce
07cb
07cb
07d4
07ce
07ca
07d2
07d3
07cc
07d5
07d1
07cf
07d9
07cf
07cd
07c2
07cc
07d4
07d5
07d3
07cd
07c8
07ca
07cb
07cf
07d7
07c9
07d0
07d3
07cc
07c9
07cb
07c8
07c8
07bf
07d9
07d1
07ca
07ce
07d7
07ce
07d0
07cd
07d5
07cb
07cd
07cb
07c9
07cc
07cb
07cb
07cf
07d7
07d9
07c9
07cf
07ca
07d7
07cd
07d1
07ce
07d4
07cc
07d3
07cb
07d8
07ce
07ca
07d4
07cb
07d0
07d1
07cc
07d0
07cc
07d2
07cd
07cf
07d3
07c4
07cb
07cc
07d1
07d4
07d1
07db
07c8
07db
07d9
07c6
07d2
07c8
07dd
07cb
07d1
07ca
07d7
07d2
07d0
07df
07d2
07d1
07c7
07c9
07d0
07cb
07cf
07d4
07d4
07ce
07d5
07ce
07d4
07d0
07d3
07cc
07c9
07d3
07ca
07cf
07d2
07d1
07d2
07d4
07d5
07dc
07c0
07cb
07d4
07cf
07cf
07d1
07c9
07d2
07cb
07d3
07c6
07d0
07d9
07cc
07cf
07cc
07cf
07d5
07c8
07cf
07c8
07ce
07d1
07d6
07d1
07d1
07d0
07cb
07d1
07c9
07d5
07d9
07c4
07cd
07d7
07cb
07ce
07c8
07d0
07d1
07d5
07d5
07d8
07d3
07d0
07c8
07c2
07ca
07d6
07c3
07d2
07cf
07cb
07d0
07ca
07d0
07d4
07d4
07d2
07cb
07d8
07ce
07c9
07d5
07cd
07bf
07d3
07cb
07c9
07d3
07cb
07cb
07cd
07d5
07d0
07d7
07ca
07d3
07d1
07cd
07d6
07d0
07d1
07d2
07ca
07c9
07d6
07d0
07d4
07d1
07dc
07ce
07ce
07d1
07cc
07d4
07cb
07d1
07da
07c7
07cd
07cb
07d4
07c8
07d7
07d4
07ce
07cf
07d3
07d8
07cd
07c9
07ca
07ce
07d6
07cb
07cf
07da
07d3
07c9
07d4
07cf
07c7
07cd
07d3
07cb
07d6
07d7
07d2
07d3
07cf
07d6
07d1
07cc
07c5
07d3
07d6
07d0
07d9
07d7
07d1
07c9
07c4
07cc
07cc
07d2
07d7
07cf
07cf
07c9
07d6
07d4
07d8
07cf
07cd
07ce
07c6
07cc
07c8
07dc
07cb
07d9
07cb
07c6
07d3
07d5
07d0
07ce
07c3
07d0
07d6
07c9
07d2
07cf
07c5
07d4
07d4
07d1
07d3
07d6
07d0
07ce
07d3
07cf
07ce
07cb
07cc
07cc
07cd
07d3
07c9
07ca
07d2
07d0
07d0
07d6
07d7
07d1
07d3
07d0
07c4
07d3
07c9
07cd
07d8
07ca
07c3
07cb
07d2
07cd
07d9
07d7
07d5
07d3
07c7
07d3
07d5
07cd
07cc
07cc
07cc
07d2
07d6
07ca
07d2
07c6
07c9
07ca
07ca
07cc
07d8
07d5
07d7
07c4
07cc
07d3
07cb
07cb
07cf
07d5
07cf
07d3
07d5
07d5
07ce
07c9
07d7
07c5
07da
07d8
07d1
07d8
07c9
07d0
07d3
07c4
07c2
07d3
07d3
07d1
07cb
07cd
07cf
07cb
07cb
07d4
07c4
07cb
07d6
07d5
07cf
07dc
07d4
07d5
07ca
07de
07d2
07cb
07d5
07cc
07d1
07cf
07cf
07d2
07d0
07d7
07d3
07ca
07cc
07d8
07d1
07d2
07d9
07cb
07cf
07cf
07d0
07d0
07d2
07d1
07d8
07d0
07d3
07d2
07cd
07d8
07ce
07c4
07c6
07c6
07cf
07cb
07cf
07cc
07cf
07d8
07d9
07c7
07d6
07cf
07cd
07c6
07c9
07d9
07cf
07ca
07cb
07cd
07d1
07d1
07d5
07d5
07d8
07c9
07c8
07d8
07d4
07d3
07d2
07ce
07c6
07db
07cc
07d2
07cd
07d5
07c3
07d0
07ce
07ca
07ce
07d3
07d3
07d1
07d2
07c8
07d7
07d1
07cc
07c9
07d3
07c8
07d8
07dc
07d2
07cc
07ce
07d3
07c5
07d7
07d2
07c8
07d0
07cf
07d9
07cf
07ce
07d6
07d2
07d3
07cb
07ce
07cc
07cb
07d1
07d9
07d9
07cb
07cb
07d5
07d5
07ce
07d2
07d0
07ce
07d4
07d2
07d2
07c6
07cf
07ce
07ce
07d8
07cd
07cd
07d5
07d0
07d7
07d7
07cf
07d5
07d7
07d3
07d3
07cf
07d2
07ce
07d3
07d3
07ce
07d0
07cc
07d0
07d2
07d3
07d3
07cb
07c7
07d8
07cb
07d7
07cc
07c6
07c3
07d3
07d7
07cb
07c9
07d4
07d2
07d5
07d9
07d5
07d3
07cf
07cd
07cc
07d1
07cb
07ca
07d4
07d2
07cc
07d2
07c9
07d9
07d3
07cd
07c3
07cf
07d1
07d2
07d3
07d0
07cc
07d9
07cf
07d7
07cc
07c6
07c9
07d3
07d3
07d7
07cc
07df
07e8
07e3
07ff
080d
0844
0872
08bb
0920
09a3
0a2e
0ac9
0b6b
0c20
0cb8
0d3d
0daf
0dfe
0e2c
0e44
0e44
0e36
0df8
0db7
0d55
0cdd
0c54
0bb9
0b26
0a83
09f4
0970
08fe
08a3
085d
083b
0814
07f4
07e7
07dd
07df
07d6
07ca
07d9
07d9
07c9
07ce
07ca
07c8
07ca
07cf
07d3
07dc
07d7
07c6
07c3
07c9
07cf
07cd
07d5
07d8
07ce
07c9
07d0
07c8
07d2
07d6
07cd
07cd
07ce
07d6
07d5
07d0
07c4
07d3
07cc
07d3
07ca
07d9
07d1
07d2
07d5
07c3
07cd
07d4
07cd
07d2
07d3
07c4
07d7
07d1
07db
07d0
07d1
07c5
07ce
07cd
07c3
07c8
07d2
07d1
07d0
07cd
07d7
07c6
07cd
07c9
07d5
07d6
07d4
07cd
07c6
07c8
07d2
07d5
07d0
07bf
07c8
07c8
07d1
07cf
07d0
07d2
07cb
07d6
07d9
07c8
07d2
07ce
07d6
07d3
07cc
07cb
07d2
07d3
07d0
07c9
07c9
07c8
07cc
07cb
07d0
07d1
07d7
07c6
07c4
07d4
07ca
07ca
07c5
07d4
07c8
07db
07c6
07c7
07cb
07d8
07cc
07cc
07da
07cc
07d6
07cf
07c5
07d5
07d5
07cf
07d2
07d2
07db
07cc
07db
07d1
07d4
07ce
07ca
07d2
07ce
07d3
07d2
07da
07d6
07ca
07d6
07d7
07d0
07c9
07d2
07d1
07cd
07c1
07d0
07cf
07d0
07cc
07c4
07d7
07c7
07ce
07cc
07db
07ca
07d4
07ca
07c3
07cd
07cf
07cf
07ca
07cd
07c7
07d2
07c5
07cd
07cc
07d0
07d2
07dc
07cf
07d4
07cf
07d2
07ce
07cd
07d1
07c9
07d6
07c2
07cb
07cf
07d9
07ce
07c6
07ce
07d5
07d4
07ce
07d2
07cd
07c9
07d1
07da
07d4
07cf
07d1
07cd
07d0
07cb
07cf
07cf
07cd
07d0
07d3
07ca
07c9
07cb
07d0
07d1
07cd
07d8
07d1
07d6
07cc
07d5
07cf
07d5
07c9
07d8
07cb
07cf
07d4
07c4
07d2
07cc
07d5
07cd
07d0
07cb
07d1
07d2
07cd
07cf
07c9
07dd
07d6
07d3
07d0
07d0
07cf
07d3
07ce
07d0
07df
07d4
07ca
07d1
07d4
07cb
07cb
07cb
07cf
07d3
07d1
07d0
07d3
07ce
07ca
07d3
07d6
07d4
07d3
07cf
07d7
07c9
07ca
07d4
07c9
07c6
07d0
07d9
07d8
07db
07dc
07d5
07d8
07cc
07d4
07c5
07d0
07c6
07d4
07d7
07ca
07de
07d2
07d1
07d5
07cd
07d0
07cb
07d7
07ca
07d5
07d9
07d5
07c8
07cd
07cc
07d4
07d6
07cc
07c8
07d1
07ce
07c9
07cf
07d1
07d6
07c6
07d6
07cf
07d9
07ec
07f7
080a
0845
0873
08bb
091b
09a3
0a19
0aa2
0b3c
0bc0
0c29
0c5f
0c7e
0c6b
0c19
0bbd
0b31
0ab0
0a14
0997
091b
08b8
086e
083b
0816
07f6
07e4
07d5
07cf
07cd
07ce
07dd
07c4
07d2
07d5
07cf
07cd
07c9
07cb
07cd
07c9
07df
07d4
07c9
07d9
07ca
07c3
07cf
07c9
07d0
07cd
07c5
07cf
07c6
07cf
07cf
07d7
07d2
07d0
07cf
07cc
07d4
07d5
07da
07cc
07ca
07ce
07c5
07d2
07d5
07c9
07cc
07cd
07ce
07d2
07d7
07ce
07c7
07d7
07ce
07c6
07d2
07d2
07d1
07c8
07d8
07d8
07d1
07d0
07da
07d0
07c8
07d6
07d1
07d2
07cf
07d8
07ce
07cd
07d3
07d0
07cf
07d6
07d7
07cf
07c8
07d0
07d3
07d4
07d0
07d0
07d4
07c9
07cf
07cb
07d8
07cf
07c8
07cd
07d1
07d7
07ce
07cf
07cb
07d8
07c5
07ce
07cb
07d3
07d4
07d2
07cd
07d3
07cf
07cf
07cd
07cd
07cb
07d1
07cd
07cf
07cf
07d0
07d3
07ca
07cd
07c9
07d1
07cc
07d3
07cc
07d8
07ca
07cb
07d2
07de
07ce
07ca
07d5
07cf
07c3
07d9
07dc
07d1
07e2
07dc
07c6
07d2
07d0
07c4
07d9
07e0
07d2
07c0
07ce
07d5
07d9
07d2
07ca
07ca
07d0
07d3
07cd
07d1
07d1
07c1
07d4
07cb
07d0
07cc
07d8
07da
07cb
07db
07d7
07cd
07cb
07d1
07d8
07cf
07d2
07cc
07c7
07d2
07ce
07cd
07d7
07cc
07d4
07da
07d7
07cb
07ce
07d0
07d5
07d3
07d6
07cd
07d0
07d0
07cb
07cb
07cb
07ce
07d1
07c9
07d9
07db
07cf
07ce
07cb
07c7
07d2
07d0
07d6
07d1
07d6
07d9
07ee
07f3
0810
0844
086c
08c0
0912
098b
0a14
0aaa
0b35
0bad
0c26
0c69
0c90
0c61
0c25
0bb6
0b47
0aaa
0a19
0998
0922
08c4
086e
0838
080f
07fd
07e3
07e2
07d0
07d0
07d8
07cf
07d8
07cd
07d1
07cb
07cf
07d4
07d1
07d9
07d8
07cf
07d3
07c8
07cf
07df
07d2
07da
07d0
07d4
07cb
07cd
07d1
07d0
07c6
07db
07d8
07d4
07c8
07d5
07d5
07cc
07c7
07cb
07cf
07c3
07cd
07db
07d2
07d0
07c1
07c7
07d3
07c8
07c7
07cf
07cf
07d6
07d6
07c8
07d1
07d9
07d0
07d0
07cf
07c9
07d5
07d3
07c9
07d2
07ca
07d4
07c6
07c8
07ce
07cd
07d5
07c8
07d9
07d3
07d1
07bd
07d0
07d4
07d5
07d2
07d4
07d9
07cf
07d4
07c7
07d3
07ce
07d4
07cf
07d0
07d3
07ca
07d7
07cd
07cf
07cf
07d4
07d1
07cb
07cd
07d7
07c7
07d4
07d2
07d4
07c8
07ce
07cd
07cb
07c7
07cb
07d9
07d5
07ca
07cf
07ca
07d6
07cc
07d0
07d0
07cc
07d4
07d7
07d0
07d4
07cb
07d6
07c2
07cd
07d0
07d0
07d9
07cd
07cb
07cd
07d6
07cb
07d2
07d9
07d5
07d1
07c5
07d1
07d0
07cb
07c9
07d4
07d8
07cf
07db
07d3
07cb
07ce
07d2
07d5
07d0
07d1
07c9
07cf
07d6
07ca
07c7
07d1
07c8
07c9
07c7
07ce
07c3
07cd
07d5
07d2
07ca
07ce
07d0
07d2
07d6
07c7
07cd
07d1
07d3
07c4
07c4
07d1
07ca
07ca
07d3
07cd
07cc
07d3
07d2
07d3
07e2
07f0
07f7
0814
0834
0871
08ba
091b
0990
0a0f
0aa1
0b46
0bb7
0c26
0c68
0c87
0c67
0c28
0bbb
0b3a
0aac
0a1b
098a
0918
08c3
0871
083f
080c
07f2
07e9
07dc
07dd
07d2
07d5
07cc
07cb
07c6
07c6
07cb
07ce
07cf
07da
07ce
07d0
07d0
07d0
07d0
07cb
07cb
07d1
07cb
07cf
07c7
07c8
07ce
07d6
07da
07d9
07de
07d4
07cf
07d4
07d3
07d8
07cd
07c9
07c4
07d0
07ce
07d6
07cc
07c8
07d2
07c4
07c8
07d0
07d5
07c9
07c2
07cb
07cf
07cc
07d4
07ce
07ce
07cd
07c5
07cb
07cb
07cc
07cf
07d5
07c8
07d5
07cc
07d8
07e0
07d2
07d4
07d3
07d2
07d8
07cc
07cc
07c2
07c5
07d2
07cc
07d1
07cf
07d4
07c8
07db
07cc
07d4
07d8
07da
07d0
07c9
07cd
07d2
07d2
07c9
07d1
07bd
07cc
07d0
07cf
07d1
07cb
07d0
07cb
07c0
07d4
07cc
07ce
07da
07cb
07cb
07cd
07d3
07cc
07d8
07c6
07cb
07cb
07d0
07cd
07cc
07cc
07cc
07d5
07c7
07d1
07d8
07ca
07d1
07d2
07cc
07df
07c8
07cd
07ca
07cd
07ce
07dc
07c7
07db
07cf
07ce
07d0
07d8
07d3
07d8
07d1
07d4
07cc
07ca
07cb
07d2
07d4
07d8
07d1
07d5
07d0
07d5
07c9
07d5
07d1
07ce
07d4
07d1
07c6
07d0
07d1
07c7
07cd
07ca
07d4
07d3
07d3
07c6
07ce
07d0
07d2
07d5
07d2
07cb
07d3
07cc
07c6
07cc
07d3
07d2
07d9
07cf
07d0
07d2
07cb
07c9
07cc
07d3
07ca
07d4
07d2
07cb
07d7
07d5
07c7
07cc
07ce
07d1
07d7
07d3
07d2
07ca
07da
07d9
07d3
07cc
07c8
07d7
07c8
07c2
07d2
07c3
07c8
07d0
07d6
07ce
07d5
07ca
07d1
07d5
07d0
07d4
07d5
07d3
07d6
07d9
07cd
07ca
07d2
07d5
07ca
07d0
07d2
07cd
07da
07dd
07d5
07cc
07d3
07c0
07c9
07d3
07ce
07c8
07cb
07d9
07ca
07d6
07c9
07ca
07d5
07d0
07ca
07d1
07d6
07cb
07c8
07d4
07ce
07d8
07d4
07d8
07d5
07c6
07cd
07d4
07d6
07c9
07cd
07d5
07d2
07ce
07cc
07d4
07db
07c9
07cf
07d1
07c9
07d0
07d6
07d0
07c5
07d5
07d4
07d5
07d1
07d6
07c4
07ce
07d2
07d7
07c8
07c9
07cd
07d5
07d3
07d3
07d4
07d8
07cd
07cc
07da
07d3
07d3
07d0
07cf
07ce
07cd
07da
07d0
07cb
07d7
07d1
07d9
07ce
07ca
07ca
07c1
07cc
07c8
07d2
07d7
07c7
07d0
07c5
07d6
07cc
07d0
07d3
07c9
07c9
07cf
07ce
07d0
07ce
07cf
07ca
07d3
07cf
07d0
07cc
07d3
07da
07d4
07d0
07cd
07d3
07d6
07c9
07cf
07cc
07cd
07d3
07cb
07d0
07cb
07ca
07d0
07cd
07d4
07cc
07ca
07cd
07da
07ce
07c8
07cb
07cd
07d0
07cb
07cd
07c8
07cd
07c6
07d4
07d1
07cf
07d2
07d6
07c5
07ce
07d1
07d6
07d1
07cf
07d3
07cf
07c9
07d5
07d5
07d0
07ce
07c6
07ca
07cf
07c4
07cc
07d0
07cd
07d8
07d0
07dd
07cf
07d2
07df
07cc
07c9
07c8
07cf
07d6
07c9
07da
07cc
07d1
07d3
07da
07cb
07d1
07d7
07d1
07d6
07cd
07d5
07ce
07cb
07db
07d0
07d3
07ce
07d2
07d4
07cf
07d5
07c7
07cb
07cf
07d0
07cd
07ca
07d4
07ce
07cf
07cf
07cd
07cf
07cc
07cf
07ca
07c6
07d1
07d8
07cf
07d2
07cd
07d7
07d1
07cd
07db
07cd
07d0
07cd
07c9
07cf
07ca
07d1
07d2
07dc
07c8
07cf
07cd
07c9
07cd
07d1
07d8
07d3
07d0
07cf
07c1
07c5
07d2
07d2
07dd
07ca
07d2
07d9
07d2
07c7
07d2
07d1
07d6
07cb
07cf
07cb
07cb
07d6
07d0
07d5
07d4
07ce
07ca
07d6
07d4
07d8
07d3
07d7
07d9
07cd
07d2
07d2
07dc
07d3
07c7
07ce
07d0
07d0
07d7
07d4
07cf
07ce
07cb
07ce
07d1
07d9
07cc
07cf
07d2
07cf
07d7
07d9
07c9
07d2
07cf
07d3
07d3
07d3
07cc
07ca
07cf
07cf
07ca
07ca
07c7
07ca
07cf
07d5
07d3
07ce
07cd
07d1
07cb
07cf
07c6
07cd
07d4
07d5
07d1
07d4
07c8
07cb
07d8
07cc
07d1
07c8
07d3
07d0
07d9
07d0
07dc
07e0
07d3
07cb
07ce
07ce
07c9
07ce
07ce
07ca
07cd
07db
07d6
07ce
07cc
07cc
07cd
07d3
07d0
07db
07d1
07cb
07c2
07d5
07d2
07cf
07c6
07cc
07cb
07d1
07c9
07d7
07cb
07cd
07d4
07d2
07d6
07e0
07d2
07cd
07cd
07c4
07cc
07d7
07cf
07d1
07cb
07c9
07c9
07cf
07d1
07c6
07c9
07cf
07d3
07cf
07c7
07d7
07ca
07d3
07ce
07d7
07c6
07c8
07c9
07d8
07d3
07cc
07c7
07ce
07d4
07d3
07d9
07ce
07ce
07d3
07cf
07d2
07d1
07ce
07ce
07d0
07d3
07d3
07cc
07cd
07d0
07cd
07ca
07d8
07d7
07d9
07c9
07d8
07ce
07db
07c3
07db
07d4
07d2
07ca
07d5
07d2
07d3
07d0
07cd
07d7
07cb
07ce
07cb
07cf
07d4
07ce
07cc
07c6
07db
07c7
07cb
07dc
07cd
07c4
07cf
07d6
07d2
07cb
07d5
07c7
07d4
07d0
07d5
07d6
07cd
07d0
07d2
07c9
07cf
07cf
07d8
07d4
07cb
07d3
07d5
07d3
07ce
07cf
07cf
07d3
07dc
07c9
07d1
07cd
07d1
07d6
07d3
07d2
07cd
07cc
07cf
07d0
07ce
07ce
07d3
07c5
07ce
07d7
07d7
07d3
07d5
07ce
07cb
07d1
07e0
07d5
07cc
07d6
07c7
07e1
07c7
07d3
07ca
07c3
07ce
07c8
07d3
07cf
07da
07db
07c8
07bf
07cd
07d4
07d3
07d9
07c9
07d5
07c6
07cd
07cf
07d7
07e7
07fb
081d
0843
0874
08c6
0918
098e
0a20
0aa1
0b33
0bbf
0c22
0c6f
0c7e
0c72
0c29
0bb8
0b34
0aa5
0a1c
0999
0925
08c4
0872
083a
0815
07ff
07e0
07da
07ca
07c4
07d5
07cc
07d1
07c5
07cd
07c5
07db
07d1
07cc
07d4
07d5
07cd
07cd
07d1
07c8
07c8
07d0
07cb
07cc
07d8
07cc
07d1
07cf
07d0
07d8
07d3
07d4
07d0
07d1
07cc
07d1
07d4
07c8
07d5
07d1
07da
07ce
07d1
07da
07d6
07c7
07cc
07d7
07ce
07d1
07d1
07cf
07ce
07cb
07c5
07d3
07d7
07c8
07ca
07d4
07d0
07ca
07d2
07d2
07cc
07c6
07c9
07ce
07d4
07cc
07d3
07d3
07d2
07d1
07ce
07c8
07d5
07d0
07d2
07c5
07d1
07d5
07cb
07d6
07c9
07d5
07c7
07d1
07c7
07c4
07ca
07d1
07d6
07d1
07ce
07cc
07db
07c8
07cf
07c5
07d2
07c7
07ce
07c9
07d9
07d3
07d0
07d1
07c7
07d3
07d0
07d3
07e1
07e5
07f4
080a
083e
086f
08c7
0924
0994
0a18
0aa3
0b31
0bb5
0c17
0c6d
0c74
0c6b
0c1c
0bb9
0b3c
0aa3
0a13
0992
0926
08b6
086b
0837
0816
07f8
07f2
07e1
07d1
07d2
07cd
07e1
07d0
07d4
07c2
07cb
07cb
07ce
07d2
07cd
07d2
07cb
07cd
07cc
07d7
07d7
07c5
07ce
07d7
07cd
07cd
07c0
07de
07cc
07d0
07cb
07c6
07c3
07cd
07cc
07d6
07d3
07c7
07c3
07d3
07d5
07c6
07d7
07d0
07d1
07da
07d2
07d7
07cd
07c3
07d5
07d8
07cd
07d5
07d2
07d4
07db
07c9
07d6
07cf
07d3
07d6
07ca
07d2
07c4
07d0
07d5
07d3
07cf
07cc
07cd
07c8
07ce
07d0
07cb
07d6
07d7
07cc
07d5
07d3
07d4
07d5
07cd
07cd
07c1
07c7
07d4
07d0
07d0
07d9
07cc
07c9
07c5
07d0
07cf
07d4
07ca
07d0
07cf
07d6
07d4
07cf
07cf
07d7
07d4
07ce
07da
07ce
07c6
07d2
07cf
07ce
07c6
07cf
07c7
07da
07d8
07ce
07ca
07da
07c9
07cc
07da
07ce
07d0
07cf
07dc
07d0
07cb
07d8
07c5
07ce
07d1
07cb
07d2
07cb
07d2
07d3
07d3
07c8
07d5
07cf
07ce
07d0
07cd
07d3
07cf
07ce
07c7
07cb
07d1
07d8
07d0
07cd
07c7
07ce
07c4
07cc
07d1
07c9
07d1
07d1
07cc
07cc
07d0
07d0
07c9
07cf
07db
07ce
07ca
07c2
07ca
07d2
07d2
07d5
07cf
07c6
07cf
07ce
07d9
07cb
07d4
07db
07d3
07d5
07d4
07d2
07d8
07ca
07d5
07d4
07e9
07e7
07f7
0816
0838
087b
08b7
092a
099e
0a30
0ac1
0b7a
0c1b
0cad
0d39
0da8
0e04
0e28
0e53
0e3b
0e2b
0dfa
0dba
0d5a
0ce3
0c56
0bcc
0b22
0a7b
09fa
096f
0901
08a9
0863
0831
080c
07f3
07e1
07cb
07cb
07cd
07cb
07d7
07ce
07c4
07cb
07cc
07d2
07d5
07c5
07d1
07d0
07c3
07cf
07d6
07d0
07d3
07c9
07cf
07ca
07cf
07c6
07bf
07d4
07d5
07d1
07d0
07d0
07cd
07d7
07d5
07cf
07c3
07ce
07d8
07cb
07cf
07de
07d0
07d6
07cf
07ce
07cf
07d4
07d0
07cf
07c7
07d0
07d8
07cb
07ce
07cc
07c9
07d9
07d8
07cd
07d7
07d3
07d0
07d7
07cc
07d5
07cd
07d5
07cc
07d0
07c2
07cc
07c5
07cf
07ce
07d0
07ca
07c3
07d0
07d4
07d8
07d1
07cd
07d1
07d4
07c6
07cc
07d0
07cf
07d8
07cc
07d3
07d6
07d1
07c9
07cf
07d6
07cc
07d0
07c4
07d6
07ca
07d0
07d3
07d0
07c1
07d6
07d9
07d5
07d4
07cf
07c9
07d5
07d0
07cf
07ca
07cc
07c8
07d3
07c8
07cc
07cf
07d7
07c6
07d5
07d1
07ce
07cc
07cd
07c6
07cf
07cb
07c4
07da
07cb
07d1
07d2
07d3
07d5
07cb
07cc
07c7
07c8
07c8
07d0
07d7
07d7
07c6
07c4
07ca
07d3
07d4
07cd
07d0
07cf
07c9
07c1
07d7
07c8
07d9
07d3
07c8
07da
07cf
07ce
07ce
07da
07d2
07d4
07d2
07c6
07d6
07d7
07d5
07df
07d2
07d1
07d2
07cb
07ca
07df
07ce
07c1
07d6
07ce
07cd
07ca
07d1
07c8
07cc
07cb
07cd
07e3
07cb
07d4
07d3
07d0
07ca
07ca
07d2
07c0
07d1
07c0
07d3
07d1
07c5
07c1
07d4
07d5
07d4
07d3
07d7
07cf
07cd
07c9
07d3
07d1
07d0
07d4
07d9
07d3
07d1
07d0
07da
07cc
07d0
07d8
07c9
07d4
07d3
07d3
07cb
07c8
07ce
07cc
07dc
07d7
07cd
07d4
07c0
07cf
07cb
07cf
07cb
07d3
07d7
07ca
07d8
07d7
07d2
07d8
07c6
07c9
07d2
07d0
07d2
07d2
07d7
07d4
07d2
07cc
07c5
07da
07cd
07cd
07d0
07d0
07cc
07c5
07d1
07d4
07cc
07c9
07cf
07c3
07cf
07cf
07d2
07cc
07d7
07ca
07cf
07cd
07cb
07cc
07ca
07cc
07cc
07ce
07d0
07c8
07ca
07d0
07d3
07d1
07da
07de
07d2
07c8
07cb
07d4
07d3
07ce
07cd
07ca
07cf
07d4
07d0
07cc
07d4
07cb
07ce
07d3
07c5
07d5
07d2
07c5
07cc
07cf
07cb
07c5
07cd
07d1
07d5
07d4
07cb
07cc
07d3
07d0
07d7
07d2
07ca
07cb
07cb
07c6
07d7
07c8
07cf
07d6
07d4
07d0
07cf
07d3
07d7
07d9
07e4
07fa
0812
083c
0873
08be
0921
0996
0a27
0aa9
0b38
0bbc
0c21
0c6c
0c7b
0c63
0c20
0bc2
0b36
0aa7
0a1f
09a0
0922
08b5
086e
083d
081c
07fb
07ec
07d8
07de
07cb
07d5
07cc
07cf
07db
07d2
07c9
07ce
07c3
07d0
07cf
07d5
07cb
07d4
07d4
07cf
07d4
07d2
07cd
07d5
07c7
07cb
07c4
07cc
07cf
07ce
07cf
07db
07d0
07c2
07db
07d4
07c6
07d1
07d0
07ca
07db
07cd
07c6
07c6
07c5
07d3
07ce
07d2
07d7
07cf
07ca
07cf
07d5
07cc
07cc
07cc
07d9
07c8
07d3
07d2
07cb
07d4
07d0
07ce
07ca
07c8
07c7
07d5
07d5
07dd
07c8
07dc
07c9
07c7
07d0
07d1
07c6
07bf
07d1
07d5
07c9
07d3
07d0
07c6
07d1
07cd
07d6
07d6
07c7
07d2
07d2
07d3
07d6
07d3
07d8
07d4
07d3
07d4
07d9
07cd
07d1
07d0
07cc
07d4
07d2
07d7
07d3
07d3
07c7
07ce
07ce
07ca
07d3
07d1
07d2
07c5
07c7
07d7
07d1
07c9
07d5
07d4
07cb
07c8
07ce
07d3
07d3
07cc
07c4
07d0
07d2
07cf
07d5
07d8
07d3
07d8
07d0
07d9
07ca
07ca
07d2
07cc
07d0
07c8
07cf
07cc
07d4
07d4
07cf
07d2
07cf
07ce
07d3
07d0
07ca
07cb
07d7
07dc
07d1
07df
07d2
07c5
07cd
07d6
07dd
07d0
07c7
07d5
07ca
07cf
07cb
07d2
07cf
07c9
07d2
07d6
07da
07cf
07d3
07d0
07ca
07cc
07cc
07bf
07c7
07c1
07dd
07d3
07c8
07d3
07d3
07d8
07da
07d1
07cc
07ce
07d0
07ca
07d4
07ce
07cd
07d0
07da
07cc
07c6
07d0
07cf
07dd
07c9
07d2
07dc
07cc
07de
07d5
07d6
07d0
07cf
07cc
07c7
07d8
07cf
07cd
07ca
07c2
07c5
07d3
07d0
07cd
07d2
07d5
07c4
07cf
07d9
07c5
07cb
07cd
07d7
07c9
07ce
07cf
07d2
07d1
07d9
07d2
07d8
07d1
07ce
07c8
07ca
07ca
07cc
07c8
07ca
07ce
07d6
07d4
07d9
07d1
07d3
07c6
07ce
07d7
07cd
07da
07d1
07d3
07c8
07c6
07c6
07cd
07d3
07d1
07c7
07d6
07d3
07c9
07cf
07d3
07d7
07cb
07d3
07cc
07d3
07df
07cc
07cf
07d5
07ca
07d2
07d2
07d2
07cd
07c7
07d5
07d6
07d9
07d5
07d1
07ce
07d6
07d6
07cf
07cf
07cc
07d1
07d0
07d5
07c5
07cb
07d0
07d0
07d3
07d1
07d0
07d0
07ca
07cd
07ca
07ce
07cc
07d3
07c8
07cf
07ca
07d1
07d2
07cd
07cd
07cf
07d0
07d3
07dc
07cf
07d1
07ce
07ca
07d0
07cb
07ca
07cc
07c8
07d9
07cb
07cb
07cf
07c8
07c8
07d3
07d3
07ce
07d9
07d5
07dc
07dc
07ef
0814
0843
0871
08c3
0915
0996
0a10
0aa7
0b39
0bbf
0c1b
0c6b
0c81
0c61
0c24
0bbb
0b3d
0aad
0a17
0997
091d
08c3
0875
083a
0817
07f6
07f0
07d4
07d5
07d6
07cd
07cf
07c5
07cb
07d1
07d0
07c1
07d9
07ce
07d5
07c8
07c8
07bd
07d3
07d5
07d2
07d7
07d0
07cc
07cf
07cb
07cd
07cd
07c9
07d7
07d5
07d5
07d7
07cc
07c7
07d8
07d6
07d0
07d2
07c8
07d6
07ce
07cd
07d9
07d2
07d3
07d2
07d4
07ce
07d4
07cd
07cc
07d3
07d9
07d0
07cb
07d1
07d5
07cf
07ce
07d0
07d8
07d5
07cd
07c3
07c9
07c8
07cf
07c9
07c4
07c6
07cb
07ca
07d8
07cd
07db
07d5
07c3
07d0
07d6
07cd
07d4
07ca
07c6
07cd
07d5
07cb
07d5
07cc
07cf
07d3
07d5
07c7
07d0
07c7
07d2
07d7
07cc
07cf
07cc
07d4
07d2
07cd
07df
07da
07ce
07d3
07cf
07d3
07cf
07cd
07cc
07c4
07c9
07d5
07cd
07d1
07c8
07d7
07d6
07d0
07d8
07d5
07d3
07d3
07ce
07d3
07d0
07c9
07d5
07ce
07ce
07c7
07dd
07ce
07cf
07d4
07d4
07c2
07cb
07d6
07d1
07cd
07d0
07c9
07c9
07dd
07cf
07cb
07cd
07c8
07c4
07ce
07d1
07d4
07d6
07d5
07d1
07d3
07c4
07d3
07ce
07cb
07d9
07cf
07d1
07cd
07da
07c9
07d0
07d2
07d9
07d7
07cf
07d5
07cf
07cc
07ce
07d6
07c8
07ca
07c9
07ca
07cb
07d3
07d2
07d0
07d3
07d0
07d4
07d4
07c7
07cc
07ce
07d7
07d7
07d3
07d2
07d3
07d0
07d1
07cd
07da
07bc
07d0
07d8
07d1
07d7
07ce
07d2
07d2
07d4
07cb
07cb
07d9
07cf
07d5
07de
07d1
07c8
07d8
07c2
07ce
07cb
07c5
07cb
07d3
07cf
07d9
07d1
07c3
07d0
07cb
07d6
07cc
07cc
07dd
07d3
07d1
07d0
07d1
07d6
07cb
07d2
07d8
07c9
07ce
07c4
07c9
07ca
07d5
07d1
07d0
07c2
07d5
07d1
07cc
07d3
07ca
07d4
07d6
07d5
07d4
07d5
07d0
07d7
07cd
07ce
07cb
07c4
07cb
07d5
07cf
07d4
07ca
07ce
07d1
07c6
07cd
07c7
07d5
07c7
07cf
07c3
07d6
07d3
07cb
07d4
07c9
07d6
07d8
07da
07e0
07de
07fb
0811
0834
0870
08be
0920
0990
0a11
0aac
0b36
0bb3
0c29
0c6c
0c88
0c75
0c28
0bb9
0b31
0ab1
0a18
0989
0921
08b9
0876
0840
0810
07f6
07e7
07de
07d6
07d2
07cd
07cc
07c9
07d3
07d5
07d0
07cf
07cf
07cd
07de
07db
07c9
07c2
07d1
07d6
07d6
07c3
07d2
07d7
07d1
07c7
07d6
07d1
07d0
07d5
07cf
07d2
07c8
07d4
07d3
07cd
07cb
07d0
07d3
07ce
07cd
07d4
07d4
07ce
07d4
07d3
07c9
07ca
07cc
07cf
07cc
07c7
07cf
07c5
07c6
07ce
07ca
07cd
07da
07cf
07d0
07c7
07cd
07cb
07cb
07d6
07cb
07d2
07d6
07d0
07cc
07cd
07d7
07d7
07d0
07cd
07cb
07ce
07cc
07c8
07d3
07cf
07d5
07d3
07c3
07d9
07cd
07d5
07d3
07cd
07cd
07d2
07cb
07ce
07d6
07d0
07cb
07cc
07c8
07d8
07ce
07cb
07cb
07cc
07d1
07d9
07d2
07cd
07ce
07d1
07d5
07cf
07d1
07c9
07ca
07cb
07dc
07c7
07c3
07c6
07ce
07d1
07d7
07cb
07da
07d0
07d3
07dd
07cf
07d4
07c8
07e1
07cf
07d0
07ce
07c8
07d9
07d1
07d4
07d3
07cb
07d6
07d8
07c9
07ca
07d0
07ce
07ca
07d3
07c7
07cd
07d5
07c3
07cd
07d3
07d3
07c8
07de
07d2
07c9
07ce
07d7
07ce
07ce
07d3
07d6
07d8
07c7
07d7
07cb
07ce
07d0
07d2
07c5
07d3
07c5
07d3
07c7
07d3
07ca
07cb
07d0
07d5
07ce
07c7
07de
07ce
07c6
07d4
07d0
07c5
07d7
07c7
07c6
07d0
07d0
07d1
07c8
07d3
07cd
07d7
07c3
07d1
07d5
07cf
07cf
07d2
07cc
07c6
07cc
07d2
07d7
07c7
07d8
07ce
07c5
07d7
07cb
07d5
07ce
07ce
07ca
07c6
07c9
07ce
07cc
07d7
07cd
07dc
07d4
07cc
07d3
07cd
07d5
07d4
07d4
07cf
07d5
07cf
07d2
07d2
07d7
07c7
07c9
07d6
07d1
07d0
07d2
07d7
07c3
07d4
07cf
07c8
07d5
07dc
07cc
07d4
07d2
07cd
07d0
07d7
07ca
07cd
07ca
07cf
07d0
07d4
07da
07c6
07d8
07d3
07ce
07d7
07cb
07d5
07ce
07c7
07cc
07d8
07cd
07c4
07cd
07ce
07ce
07c7
07d7
07cf
07cf
07c8
07d8
07c9
07cd
07c8
07d1
07d5
07d0
07db
07cf
07ce
07d5
07d1
07ce
07ce
07d0
07cb
07cc
07d1
07cb
07d1
07cd
07c9
07d1
07cd
07d1
07c5
07d2
07c1
07ce
07cb
07ca
07d4
07cb
07d6
07d6
07c8
07d9
07cc
07c9
07c5
07cf
07ce
07cf
07d2
07c8
07ca
07d5
07d3
07ce
07cf
07d1
07cb
07c9
07d3
07cd
07c9
07cf
07d1
07c8
07d2
07cb
07d4
07d2
07ce
07cb
07d5
07d1
07c9
07ca
07d1
07d7
07ca
07c9
07d5
07ce
07cc
07d8
07d0
07d8
07cc
07d0
07d7
07cc
07cd
07d7
07cd
07cf
07c7
07d2
07d6
07dd
07c8
07d7
07d7
07d2
07d8
07d1
07d5
07d8
07cb
07d4
07c8
07d2
07dc
07dc
0804
0819
083b
086a
08c1
0912
0993
0a18
0aae
0b35
0bcb
0c1f
0c66
0c83
0c65
0c21
0bba
0b3f
0aa1
0a15
0993
0919
08c0
086c
083c
081c
07ea
07e2
07e4
07e2
07d3
07d5
07d6
07d0
07d5
07cc
07c4
07cd
07d4
07cd
07d2
07c9
07d3
07cf
07cd
07d1
07d5
07c0
07d5
07c2
07ca
07cb
07d1
07d3
07d1
07d0
07d5
07cd
07c5
07d9
07cf
07dd
07ce
07c2
07cf
07ca
07ca
07d8
07c6
07d0
07c9
07c9
07c9
07d2
07d5
07d4
07d1
07d1
07d0
07d5
07cb
07d5
07cc
07d7
07da
07d4
07d0
07d0
07d0
07d1
07c8
07ca
07d7
07d8
07cc
07cb
07db
07c6
07cb
07cc
07d0
07d6
07d4
07ce
07d1
07c9
07d5
07ca
07d0
07d9
07cc
07d1
07cc
07cb
07d7
07c5
07cf
07d4
07d3
07c7
07d2
07d8
07c8
07d1
07cb
07d8
07ce
07c6
07cc
07d0
07da
07d7
07cf
07d6
07d6
07c3
07d2
07c9
07d6
07d5
07c6
07c4
07cb
07d6
07d1
07cf
07da
07c8
07cd
07d5
07cc
07d2
07d1
07ca
07d4
07d0
07cc
07d4
07d8
07cc
07cd
07cf
07d5
07ce
07d0
07c5
07c6
07d5
07ca
07d4
07cb
07c9
07d0
07ce
07cd
07cd
07d4
07be
07c1
07d0
07d1
07ce
07c7
07ce
07cd
07d7
07d8
07d1
07c8
07d2
07d5
07cc
07cd
07d0
07d6
07d3
07c5
07c5
07d6
07d1
07c9
07cf
07d0
07cd
07cb
07d8
07d1
07cb
07cb
07dc
07cb
07cc
07d5
07d2
07ce
07d1
07cd
07c6
07d4
07c7
07cb
07d2
07d3
07d7
07d3
07cc
07cd
07d9
07d8
07da
07cd
07cd
07cf
07ca
07d4
07cd
07dc
07d6
07d7
07c7
07cd
07c9
07d8
07d3
07dd
07c8
07d2
07cb
07d0
07ca
07c6
07dd
07d3
07d0
07ca
07d0
07cf
07ce
07d3
07c5
07c8
07cf
07cf
07cf
07d7
07d9
07d2
07d9
07cd
07c8
07cf
07cb
07d6
07d6
07c9
07c7
07ce
07d1
07ce
07df
07cc
07ce
07d2
07cc
07c9
07c9
07d8
07d6
07d4
07c7
07d1
07d2
07cb
07d4
07c7
07dc
07d1
07d9
07cf
07d1
07d0
07da
07d5
07d1
07d0
07c3
07d0
07ce
07d2
07d3
07d6
07ce
07ce
07cb
07d3
07cd
07d1
07cd
07cd
07c2
07da
07d7
07c7
07cf
07cd
07cc
07d1
07d4
07cb
07d2
07d5
07d8
07cf
07db
07cc
07c4
07d1
07d2
07d0
07c8
07c8
07d7
07cc
07cc
07ca
07d1
07d2
07d1
07d5
07cf
07ca
07d7
07cb
07d2
07cb
07d4
07cd
07cf
07d2
07d6
07cf
07c9
07d0
07cc
07ca
07ca
07c6
07cd
07ce
07d4
07ce
07d2
07d4
07dc
07c7
07d0
07cb
07ce
07c6
07d0
07ce
07c6
07d5
07cc
07cd
07cd
07cd
07da
07cd
07cc
07d1
07df
07cc
07cf
07d3
07cd
07da
07d0
07da
07e7
07f6
0814
083d
0874
08bc
091f
09a8
0a24
0acf
0b6d
0c19
0cba
0d42
0db0
0dfe
0e2e
0e47
0e49
0e27
0e05
0db0
0d53
0ce3
0c4d
0bbe
0b22
0a83
09f0
0974
0904
08aa
0860
083a
0801
07f9
07e5
07d6
07de
07d1
07cd
07c6
07d6
07ce
07d7
07d5
07d5
07d5
07d2
07d0
07d0
07d8
07ce
07cd
07cf
07ce
07d0
07d2
07ca
07d1
07c7
07d0
07cb
07d5
07d7
07cf
07cc
07ca
07cc
07d1
07cb
07d1
07dd
07d2
07c8
07cc
07d1
07d4
07cd
07d1
07d3
07ca
07d3
07d0
07dc
07cb
07cf
07d0
07bf
07c9
07cc
07d0
07d5
07d1
07d1
07cd
07d8
07d3
07cd
07c7
07d1
07c8
07cb
07d0
07cd
07ce
07ce
07d1
07cd
07cb
07d1
07cf
07d1
07d1
07cc
07ca
07ca
07cf
07d0
07cf
07cb
07c5
07ca
07d3
07d1
07d5
07d4
07d0
07cb
07d1
07c8
07cb
07cc
07c9
07d1
07d0
07c7
07d0
07d0
07ca
07db
07d4
07c7
07cb
07d0
07cd
07cc
07dc
07cf
07d1
07cd
07d3
07ca
07d9
07d6
07cd
07c7
07d7
07d1
07d5
07ce
07cb
07cc
07d0
07ce
07c2
07d0
07cd
07c1
07d0
07d3
07ca
07d0
07d0
07d5
07cd
07c5
07cf
07c6
07c7
07d0
07cc
07c9
07cf
07ca
07cb
07d5
07c1
07c2
07d1
07d4
07d0
07d5
07d0
07d8
07d5
07c7
07ca
07ce
07ca
07cd
07d1
07d3
07d7
07d1
07d9
07ca
07d9
07cc
07d2
07d0
07d6
07d6
07d1
07d4
07d4
07cd
07cd
07d4
07db
07e9
07fb
0810
0842
0870
08bc
0917
098f
0a1c
0aae
0b3f
0bb4
0c1c
0c63
0c80
0c6d
0c24
0bb8
0b39
0ab2
0a1a
098e
0921
08ba
0873
0834
0811
07f8
07e4
07df
07da
07d8
07cf
07cd
07cd
07d1
07d4
07d7
07d3
07d0
07cb
07d2
07d9
07cf
07c7
07c5
07ca
07cb
07d0
07ca
07cc
07ca
07cc
07d6
07cb
07c5
07d9
07dc
07d5
07cf
07cd
07c8
07e4
07ce
07de
07d3
07ce
07d6
07cd
07cd
07d3
07ce
07dd
07d1
07d1
07cc
07c9
07d3
07d0
07d4
07ca
07c6
07d1
07d8
07ce
07da
07c8
07cd
07d3
07c6
07db
07d6
07cd
07c5
07cd
07cd
07c6
07d3
07cf
07ca
07c5
07cb
07d3
07cc
07d3
07d5
07cc
07d2
07ce
07d5
07c5
07c8
07c8
07ce
07cf
07da
07d8
07cb
07da
07d4
07d3
07dd
07cc
07d1
07d3
07d4
07cc
07d6
07d1
07c8
07c4
07de
07d3
07d1
07d6
07cf
07d2
07cd
07d2
07d1
07cf
07d1
07c6
07db
07cf
07cf
07c9
07ca
07cb
07d1
07d0
07c8
07d2
07d8
07d7
07cd
07d6
07cd
07be
07d1
07c2
07d1
07cf
07c9
07d9
07cb
07c7
07d3
07d8
07bf
07da
07db
07c8
07cb
